Seq,bb86_Maj_pc,bb86_Min_pc,bb86_PA_astro_deg,bb86_v_center_kms,joint_Maj_pc,joint_Min_pc,joint_PA_astro_deg,joint_v_center_kms,joint_status,joint_pa_mode,joint_nch_used,joint_source_status,cg2d_Maj_pc,cg2d_Min_pc,cg2d_PA_astro_deg,cg2d_v_center_kms,cg2d_source_status,Maj_pc,Min_pc,PA_astro_deg,v_center_kms,geometry_source,axes_swapped_for_hist,axis_ratio,geom_mean_size_pc,area_ellipse_pc2,PA_mod_180_deg
1,200.0,380.0,0.0,-506.8,570.6666666666666,300.35087719298247,5.0,-506.8,refit_recommended,pa-90,2,joint_contrast_refit,280.30985915492954,274.70366197183097,,-506.8,CumulativeGrowth2D,280.30985915492954,274.70366197183097,5.0,-506.8,CumulativeGrowth2D,False,0.9800000000000001,277.4926031386554,60477.343100966886,5.0
2,140.0,320.0,156.0,-552.1,320.0,140.00001750000217,31.0,-552.1,refit_recommended,pa-90,2,joint_contrast_refit,190.41971830985915,186.611323943662,,-552.1,CumulativeGrowth2D,190.41971830985915,186.611323943662,31.0,-552.1,CumulativeGrowth2D,False,0.9800000000000002,188.50590372394706,27908.71198253056,31.0
3,200.0,280.0,0.0,-486.2,304.30552569311567,217.36108978079693,0.0,-486.2,refit_recommended,pa-90,2,joint_contrast_refit,356.90555813110586,349.76744696848374,,-486.2,CumulativeGrowth2D,356.90555813110586,349.76744696848374,0.0,-486.2,CumulativeGrowth2D,False,0.98,353.31847655674426,98044.35182096426,0.0
4,140.0,160.0,0.0,-477.9,160.48011180346745,140.42011538054845,80.0,-477.9,refit_recommended,pa-90,2,joint_contrast_refit,196.2169014084507,192.29256338028168,,-477.9,CumulativeGrowth2D,196.2169014084507,192.29256338028168,80.0,-477.9,CumulativeGrowth2D,False,0.98,194.2448221970588,29633.898119473775,80.0
5,220.0,480.0,0.0,-560.4,421.3333333333333,234.699417633502,0.0,-560.4,refit_recommended,pa-90,2,joint_contrast_refit,281.01126760563375,275.3910422535211,,-560.4,CumulativeGrowth2D,281.01126760563375,275.3910422535211,0.0,-560.4,CumulativeGrowth2D,False,0.9800000000000001,278.18696207927974,60780.38197203145,0.0
6,620.0,640.0,90.0,-572.8,640.0,620.0000387500024,-90.0,-572.8,refit_recommended,pa-90,2,joint_contrast_refit,843.2873239436619,826.4215774647886,,-572.8,CumulativeGrowth2D,843.2873239436619,826.4215774647886,-90.0,-572.8,CumulativeGrowth2D,False,0.9799999999999999,834.8118593489082,547352.4941879972,90.0
7,240.0,380.0,0.0,-457.3,306.66666666666663,193.6842513019476,0.0,-457.3,refit_recommended,pa-90,2,joint_contrast_refit,271.774647887324,266.33915492957755,,-457.3,CumulativeGrowth2D,271.774647887324,266.33915492957755,0.0,-457.3,CumulativeGrowth2D,False,0.98,269.04317506599824,56850.441339889025,0.0
8,660.0,680.0,90.0,-519.2,680.0,660.0000194117653,-90.0,-519.2,refit_recommended,pa-90,1,joint_contrast_refit,802.0394366197182,785.9986478873238,,-519.2,CumulativeGrowth2D,802.0394366197182,785.9986478873238,-90.0,-519.2,CumulativeGrowth2D,False,0.98,793.9785341779773,495116.50446462905,90.0
9,0.0,80.0,0.0,-477.9,197.63885902644896,197.63885902644896,0.0,-477.9,refit_recommended,pa-90,2,joint_contrast_refit,383.0220346895828,134.057712141354,,-477.9,CumulativeGrowth2D,383.0220346895828,134.057712141354,0.0,-477.9,CumulativeGrowth2D,False,0.35,226.59889159087209,40327.8847900472,0.0
10,420.0,440.0,90.0,-465.6,425.3333333333333,406.0000184545463,-90.0,-465.6,refit_recommended,pa-90,2,joint_contrast_refit,579.9549295774647,568.3558309859154,,-465.6,CumulativeGrowth2D,579.9549295774647,568.3558309859154,-90.0,-465.6,CumulativeGrowth2D,False,0.9800000000000001,574.1260888815086,258883.54418252065,90.0
11,240.0,420.0,0.0,-449.1,420.0,240.0,0.0,-449.1,refit_recommended,pa-90,2,joint_contrast_refit,373.5813572343149,366.10973008962856,,-449.1,CumulativeGrowth2D,373.5813572343149,366.10973008962856,0.0,-449.1,CumulativeGrowth2D,False,0.9799999999999999,369.8266754353614,107420.29685546801,0.0
12,40.0,140.0,148.0,-576.9,183.08130867875215,52.30894533678634,-42.0,-576.9,refit_recommended,pa-90,2,joint_contrast_refit,619.5747248834297,563.2497498940269,,-576.9,CumulativeGrowth2D,619.5747248834297,563.2497498940269,-42.0,-576.9,CumulativeGrowth2D,False,0.909090909090909,590.7413214184803,274084.5666271228,138.0
13,100.0,260.0,149.0,-465.6,253.7043288178309,97.57858800685804,69.0,-465.6,refit_recommended,pa-90,2,joint_contrast_refit,136.01408450704224,133.2938028169014,,-465.6,CumulativeGrowth2D,136.01408450704224,133.2938028169014,69.0,-465.6,CumulativeGrowth2D,False,0.9800000000000001,134.64707408853357,14239.138766597222,69.0
14,180.0,200.0,0.0,-428.5,193.76979860921284,174.39283618757517,-10.0,-428.5,refit_recommended,pa-90,2,joint_contrast_refit,218.7380281690141,214.36326760563372,,-428.5,CumulativeGrowth2D,218.7380281690141,214.36326760563372,-10.0,-428.5,CumulativeGrowth2D,False,0.9799999999999996,216.53960023035742,36826.847439517864,170.0
15,200.0,340.0,24.0,-445.0,340.0,200.0,24.0,-445.0,refit_recommended,pa-90,2,joint_contrast_refit,340.0,200.0,,-445.0,CumulativeGrowth2D,340.0,200.0,24.0,-445.0,CumulativeGrowth2D,False,0.5882352941176471,260.76809620810593,53407.07511102648,24.0
16,400.0,900.0,149.0,-564.5,900.0,400.0,-11.0,-564.5,refit_recommended,pa-90,2,joint_contrast_refit,568.9014084507041,557.52338028169,,-564.5,CumulativeGrowth2D,568.9014084507041,557.52338028169,-11.0,-564.5,CumulativeGrowth2D,False,0.98,563.183661238899,249109.31929342836,169.0
17,280.0,480.0,43.0,-445.0,480.0,279.9999533333411,13.0,-445.0,refit_recommended,pa-90,2,joint_contrast_refit,375.0422535211268,367.5414084507042,,-445.0,CumulativeGrowth2D,375.0422535211268,367.5414084507042,13.0,-445.0,CumulativeGrowth2D,False,0.9799999999999999,371.2728889747823,108262.07735823415,13.0
18,200.0,340.0,56.0,-490.3,340.0,200.0,76.0,-490.3,refit_recommended,pa-90,2,joint_contrast_refit,230.6197183098592,226.007323943662,,-490.3,CumulativeGrowth2D,230.6197183098592,226.007323943662,76.0,-490.3,CumulativeGrowth2D,False,0.9799999999999999,228.30187336912596,40936.32309754712,76.0
19,540.0,560.0,90.0,-469.7,560.0,540.000019285715,35.0,-469.7,refit_recommended,pa-90,2,joint_contrast_refit,225.7618309859155,221.2465943661972,,-469.7,CumulativeGrowth2D,225.7618309859155,221.2465943661972,35.0,-469.7,CumulativeGrowth2D,False,0.98,223.4928102725249,39229.88132912598,35.0
20,500.0,640.0,166.0,-457.3,640.0,500.0,-4.0,-457.3,refit_recommended,pa-90,2,joint_contrast_refit,721.4788732394367,707.0492957746479,,-457.3,CumulativeGrowth2D,721.4788732394367,707.0492957746479,-4.0,-457.3,CumulativeGrowth2D,False,0.98,714.2276452506093,400648.1980155092,176.0
21,80.0,160.0,0.0,-432.6,180.4364652758795,90.21823263793976,60.0,-432.6,refit_recommended,pa-90,2,joint_contrast_refit,160.0,80.0,,-432.6,CumulativeGrowth2D,160.0,80.0,60.0,-432.6,CumulativeGrowth2D,False,0.5,113.13708498984761,10053.096491487338,60.0
22,60.0,160.0,0.0,-539.8,170.45828853967348,104.38396768367868,40.0,-539.8,refit_recommended,pa-90,2,joint_contrast_refit,160.0,60.00000000000001,,-539.8,CumulativeGrowth2D,160.0,60.00000000000001,40.0,-539.8,CumulativeGrowth2D,False,0.37500000000000006,97.97958971132714,7539.822368615504,40.0
23,200.0,300.0,31.0,-445.0,432.1309395827638,288.08729305517585,1.0,-445.0,refit_recommended,pa-90,2,joint_contrast_refit,301.0140845070422,294.9938028169014,,-445.0,CumulativeGrowth2D,301.0140845070422,294.9938028169014,1.0,-445.0,CumulativeGrowth2D,False,0.9800000000000002,297.98874054262603,69741.2280802593,1.0
24,420.0,640.0,0.0,-560.4,581.3333333333333,381.4998807812872,5.0,-560.4,refit_recommended,pa-90,2,joint_contrast_refit,597.3464788732393,585.3995492957746,,-560.4,CumulativeGrowth2D,597.3464788732393,585.3995492957746,5.0,-560.4,CumulativeGrowth2D,False,0.9800000000000001,591.342844300844,274643.02452100476,5.0
25,280.0,460.0,0.0,-445.0,460.0,280.00002434782823,-20.0,-445.0,refit_recommended,pa-90,2,joint_contrast_refit,340.25915492957745,333.4539718309859,,-445.0,CumulativeGrowth2D,340.25915492957745,333.4539718309859,-20.0,-445.0,CumulativeGrowth2D,False,0.98,336.83937813611163,89111.87775488275,160.0
26,200.0,260.0,0.0,-552.1,253.7043288178309,195.15717601371608,25.0,-552.1,refit_recommended,pa-90,2,joint_contrast_refit,243.0422535211267,238.1814084507042,,-552.1,CumulativeGrowth2D,243.0422535211267,238.1814084507042,25.0,-552.1,CumulativeGrowth2D,False,0.9800000000000001,240.59955581150825,45465.24375249119,25.0
27,180.0,180.0,0.0,-424.3,197.7479753454189,197.7479753454189,0.0,-424.3,refit_recommended,pa-90,2,joint_contrast_refit,259.7323943661972,254.5377464788732,,-424.3,CumulativeGrowth2D,259.7323943661972,254.5377464788732,0.0,-424.3,CumulativeGrowth2D,False,0.9799999999999999,257.12195229021927,51924.00646280997,0.0
28,80.0,80.0,0.0,-440.8,109.90073819197669,109.90073819197669,0.0,-440.8,refit_recommended,pa-90,2,joint_contrast_refit,80.0,80.0,,-440.8,CumulativeGrowth2D,80.0,80.0,0.0,-440.8,CumulativeGrowth2D,False,1.0,80.0,5026.548245743669,0.0
29,100.0,140.0,90.0,-432.6,201.7043288178309,144.07452058416496,-20.0,-432.6,refit_recommended,pa-90,2,joint_contrast_refit,129.80281690140845,127.20676056338029,,-432.6,CumulativeGrowth2D,129.80281690140845,127.20676056338029,-20.0,-432.6,CumulativeGrowth2D,False,0.9800000000000001,128.4982328673424,12968.334135006979,160.0
30,60.0,100.0,0.0,-424.3,112.56740485864336,87.19436717648831,-90.0,-424.3,refit_recommended,pa-90,2,joint_contrast_refit,100.0,60.00000000000001,,-424.3,CumulativeGrowth2D,100.0,60.00000000000001,-90.0,-424.3,CumulativeGrowth2D,False,0.6000000000000001,77.45966692414834,4712.3889803846905,90.0
31,0.0,120.0,43.0,-362.5,236.2618791655277,236.2618791655277,43.0,-362.5,refit_recommended,pa-90,2,joint_contrast_refit,347.2548775676661,216.06970159765893,,-362.5,CumulativeGrowth2D,347.2548775676661,216.06970159765893,43.0,-362.5,CumulativeGrowth2D,False,0.6222222222222223,273.9183414347736,58929.41205339636,43.0
32,140.0,160.0,90.0,-391.4,160.48011180346745,160.48011180346745,-90.0,-391.4,refit_recommended,pa-90,2,joint_contrast_refit,164.33239436619718,161.0457464788732,,-391.4,CumulativeGrowth2D,164.33239436619718,161.0457464788732,-90.0,-391.4,CumulativeGrowth2D,False,0.9799999999999999,162.68077059494402,20785.588407772557,90.0
33,80.0,80.0,0.0,-395.5,146.45828853967348,146.45828853967348,0.0,-395.5,refit_recommended,pa-90,2,joint_contrast_refit,227.47258223728784,222.9231305925421,,-395.5,CumulativeGrowth2D,227.47258223728784,222.9231305925421,0.0,-395.5,CumulativeGrowth2D,False,0.9800000000000001,225.18636760760117,39826.677050667065,0.0
34,200.0,340.0,43.0,-482.1,120.0,70.58823529411765,73.0,-482.1,refit_recommended,pa-90,2,joint_contrast_refit,238.9014084507042,234.1233802816901,,-482.1,CumulativeGrowth2D,238.9014084507042,234.1233802816901,73.0,-482.1,CumulativeGrowth2D,False,0.9799999999999999,236.50032833071413,43929.20839744236,73.0
35,140.0,260.0,0.0,-383.1,253.7043288178309,136.61001270113874,-60.0,-383.1,refit_recommended,pa-90,2,joint_contrast_refit,170.12957746478872,166.72698591549295,,-383.1,CumulativeGrowth2D,170.12957746478872,166.72698591549295,-60.0,-383.1,CumulativeGrowth2D,False,0.98,168.41968906805582,22277.969438720687,120.0
36,240.0,400.0,120.0,-379.0,400.0,239.9999520000096,-60.0,-379.0,refit_recommended,pa-90,2,joint_contrast_refit,301.5887323943662,295.55695774647893,,-379.0,CumulativeGrowth2D,301.5887323943662,295.55695774647893,-60.0,-379.0,CumulativeGrowth2D,False,0.9800000000000001,298.5576129277159,70007.75981681947,120.0
37,60.0,180.0,0.0,-424.3,176.45828853967348,58.81942951322449,70.0,-424.3,refit_recommended,pa-90,2,joint_contrast_refit,180.0,60.00000000000001,,-424.3,CumulativeGrowth2D,180.0,60.00000000000001,70.0,-424.3,CumulativeGrowth2D,False,0.33333333333333337,103.92304845413264,8482.300164692442,70.0
38,0.0,60.0,90.0,-436.7,147.10313194254616,147.10313194254616,-65.0,-436.7,refit_recommended,pa-90,2,joint_contrast_refit,200.0809781928406,196.07935862898373,,-436.7,CumulativeGrowth2D,200.0809781928406,196.07935862898373,-65.0,-436.7,CumulativeGrowth2D,False,0.9799999999999996,198.07006305323344,30812.544300980044,115.0
39,120.0,260.0,43.0,-436.7,293.638859026449,135.52560639288316,18.0,-436.7,refit_recommended,pa-90,2,joint_contrast_refit,332.5149896581197,168.17583873336187,,-436.7,CumulativeGrowth2D,332.5149896581197,168.17583873336187,18.0,-436.7,CumulativeGrowth2D,False,0.5057691952662777,236.4761875478574,43920.24070286094,18.0
40,260.0,500.0,46.0,-366.6,500.0,259.99998960000045,11.0,-366.6,refit_recommended,pa-90,2,joint_contrast_refit,566.1971830985916,337.83097806422575,,-366.6,CumulativeGrowth2D,566.1971830985916,337.83097806422575,11.0,-366.6,CumulativeGrowth2D,False,0.5966666528000006,437.3544879653194,150230.13456842737,11.0
41,100.0,300.0,47.0,-428.5,417.4860961798912,139.1620320599637,17.0,-428.5,refit_recommended,pa-90,2,joint_contrast_refit,490.04635571312855,201.46350179317503,,-428.5,CumulativeGrowth2D,490.04635571312855,201.46350179317503,17.0,-428.5,CumulativeGrowth2D,False,0.41111111111111104,314.20766200548127,77539.5763281026,17.0
42,0.0,60.0,90.0,-403.7,107.23407152531,107.23407152531,-90.0,-403.7,refit_recommended,pa-90,2,joint_contrast_refit,130.31205198878516,123.79644938934592,,-403.7,CumulativeGrowth2D,130.31205198878516,123.79644938934592,-90.0,-403.7,CumulativeGrowth2D,False,0.9500000000000002,127.0124771384743,12670.176178204543,90.0
43,240.0,340.0,128.0,-387.3,354.66666666666663,250.35288226991003,-2.0,-387.3,refit_recommended,pa-90,2,joint_contrast_refit,430.9949295774647,304.2316434119414,,-387.3,CumulativeGrowth2D,430.9949295774647,304.2316434119414,-2.0,-387.3,CumulativeGrowth2D,False,0.7058821868512503,362.1081271216735,102983.21024488744,178.0
44,40.0,220.0,26.0,-354.3,320.21823263793976,58.221496843261775,41.0,-354.3,refit_recommended,pa-90,2,joint_contrast_refit,395.7626748447777,149.0106434832231,,-354.3,CumulativeGrowth2D,395.7626748447777,149.0106434832231,41.0,-354.3,CumulativeGrowth2D,False,0.3765151515151515,242.8432639487081,46317.168744180366,41.0
45,500.0,800.0,38.0,-354.3,800.0,500.0,33.0,-354.3,refit_recommended,pa-90,2,joint_contrast_refit,988.732394366197,617.9577464788733,,-354.3,CumulativeGrowth2D,988.732394366197,617.9577464788733,33.0,-354.3,CumulativeGrowth2D,False,0.6250000000000002,781.6615906472543,479874.2269823895,33.0
46,560.0,820.0,31.0,-354.3,820.0,559.9998907317287,-34.0,-354.3,refit_recommended,pa-90,2,joint_contrast_refit,1081.3605633802815,738.4899967494613,,-354.3,CumulativeGrowth2D,1081.3605633802815,738.4899967494613,-34.0,-354.3,CumulativeGrowth2D,False,0.6829266960143033,893.6296542392155,627198.5206851278,146.0
47,160.0,380.0,16.0,-313.0,365.3333333333333,153.82456140350877,31.0,-313.0,refit_recommended,pa-90,2,joint_contrast_refit,383.4456338028168,186.17294588584133,,-313.0,CumulativeGrowth2D,383.4456338028168,186.17294588584133,31.0,-313.0,CumulativeGrowth2D,False,0.4855263157894737,267.1838378946862,56067.37830859839,31.0
48,200.0,340.0,0.0,-337.8,340.0,200.0,0.0,-337.8,keep_base_geometry,pa-90,2,joint_contrast_refit,420.2112676056338,247.1830985915493,,-337.8,CumulativeGrowth2D,420.2112676056338,247.1830985915493,0.0,-337.8,CumulativeGrowth2D,False,0.5882352941176471,322.28733017269434,81578.61858700622,0.0
49,140.0,240.0,0.0,-354.3,245.03766215116423,142.9386124317437,0.0,-354.3,refit_recommended,pa-90,2,joint_contrast_refit,287.62589807997216,167.78174591635943,,-354.3,CumulativeGrowth2D,287.62589807997216,167.78174591635943,0.0,-354.3,CumulativeGrowth2D,False,0.5833332361111273,219.67788999036426,37902.03936892052,0.0
50,0.0,60.0,90.0,-383.1,140.45828853967348,140.45828853967348,-50.0,-383.1,refit_recommended,pa-90,2,joint_contrast_refit,199.7672954469891,195.7719495380493,,-383.1,CumulativeGrowth2D,199.7672954469891,195.7719495380493,-50.0,-383.1,CumulativeGrowth2D,False,0.98,197.7595329778075,30716.005519397597,130.0
51,220.0,340.0,0.0,-308.9,354.66666666666663,229.49012858133472,5.0,-308.9,refit_recommended,pa-90,2,joint_contrast_refit,416.3087323943661,269.37615937983713,,-308.9,CumulativeGrowth2D,416.3087323943661,269.37615937983713,5.0,-308.9,CumulativeGrowth2D,False,0.6470586332180492,334.87855626881026,88077.41474288634,5.0
52,460.0,600.0,40.0,-337.8,600.0,459.9999386666749,45.0,-337.8,refit_recommended,pa-90,2,joint_contrast_refit,600.0,459.9999386666749,,-337.8,CumulativeGrowth2D,600.0,459.9999386666749,45.0,-337.8,CumulativeGrowth2D,False,0.7666665644444581,525.35698643875,216769.86419504718,45.0
53,140.0,200.0,0.0,-313.0,205.08130867875215,143.55695914221425,35.0,-313.0,refit_recommended,pa-90,2,joint_contrast_refit,240.72501782094653,168.50756302693145,,-313.0,CumulativeGrowth2D,240.72501782094653,168.50756302693145,35.0,-313.0,CumulativeGrowth2D,False,0.7000002100000629,201.4050300082457,31858.88019293319,35.0
54,480.0,900.0,51.0,-341.9,797.3333333333334,708.6834161266363,76.0,-341.9,refit_recommended,pa-90,2,joint_contrast_refit,797.3333333333334,708.6834161266363,,-341.9,CumulativeGrowth2D,797.3333333333334,708.6834161266363,76.0,-341.9,CumulativeGrowth2D,False,0.8888169934698615,751.70267423916,443794.65968898893,76.0
55,140.0,200.0,0.0,-292.4,261.638859026449,183.1472562626912,-40.0,-292.4,refit_recommended,pa-90,2,joint_contrast_refit,312.5294596342696,218.7706873751949,,-292.4,CumulativeGrowth2D,312.5294596342696,218.7706873751949,-40.0,-292.4,CumulativeGrowth2D,False,0.700000210000063,261.48094521243297,53699.466837883214,140.0
56,80.0,120.0,90.0,-329.5,175.7479753454189,117.16531689694592,-15.0,-329.5,refit_recommended,pa-90,2,joint_contrast_refit,195.37729146498464,130.2515276433231,,-329.5,CumulativeGrowth2D,195.37729146498464,130.2515276433231,-15.0,-329.5,CumulativeGrowth2D,False,0.6666666666666667,159.52489047207976,19986.96222196141,165.0
57,120.0,220.0,63.0,-296.6,260.32734895690965,192.26454606324464,18.0,-296.6,refit_recommended,pa-90,2,joint_contrast_refit,343.30210820895,253.5454851817126,,-296.6,CumulativeGrowth2D,343.30210820895,253.5454851817126,18.0,-296.6,CumulativeGrowth2D,False,0.7385491644793301,295.02999777945126,68363.17639494,18.0
58,80.0,220.0,122.0,-292.4,308.24005590173374,112.0872930551759,-58.0,-292.4,refit_recommended,pa-90,2,joint_contrast_refit,304.37620167986694,171.55749549228867,,-292.4,CumulativeGrowth2D,304.37620167986694,171.55749549228867,-58.0,-292.4,CumulativeGrowth2D,False,0.5636363636363637,228.5126229503607,41011.93609920057,122.0
59,120.0,160.0,0.0,-329.5,210.3709954844976,157.7782860579447,0.0,-329.5,refit_recommended,pa-90,2,joint_contrast_refit,260.0007725882347,195.00062819133308,,-329.5,CumulativeGrowth2D,260.0007725882347,195.00062819133308,0.0,-329.5,CumulativeGrowth2D,False,0.7500001875000468,225.1673022109065,39819.93348744403,0.0
60,460.0,480.0,90.0,-296.6,480.0,460.0001150000288,-90.0,-305.5799501299175,refit_recommended,pa-90,2,joint_contrast_refit,712.4957746478874,682.8086214063808,,-305.5799501299175,CumulativeGrowth2D,712.4957746478874,682.8086214063808,-90.0,-305.5799501299175,CumulativeGrowth2D,False,0.9583335729167266,697.4942706898712,382094.838050595,90.0
61,240.0,380.0,0.0,-280.1,380.0,240.0000505263264,-30.0,-280.1,refit_recommended,pa-90,2,joint_contrast_refit,571.9267605633802,361.2169774541301,,-280.1,CumulativeGrowth2D,571.9267605633802,361.2169774541301,-30.0,-280.1,CumulativeGrowth2D,False,0.6315790803324379,454.52134798690827,162255.13622325275,150.0
62,600.0,620.0,90.0,-300.7,620.0,600.0001935484495,-90.0,-297.3323465358115,refit_recommended,pa-90,2,joint_contrast_refit,753.4309859154929,729.1269957656369,,-297.3323465358115,CumulativeGrowth2D,753.4309859154929,729.1269957656369,-90.0,-297.3323465358115,CumulativeGrowth2D,False,0.9677422476587896,741.1793786104045,431456.02376932994,90.0
63,360.0,580.0,138.0,-284.2,580.0,360.00002482758794,13.0,-284.2,refit_recommended,pa-90,2,joint_contrast_refit,716.830985915493,444.9296081495893,,-284.2,CumulativeGrowth2D,716.830985915493,444.9296081495893,13.0,-284.2,CumulativeGrowth2D,False,0.6206896979785999,564.7471378173279,250494.3637602807,13.0
64,100.0,200.0,100.0,-271.8,227.7043288178309,113.85216440891546,20.0,-271.8,refit_recommended,pa-90,2,joint_contrast_refit,271.9944243245104,135.99721216225518,,-271.8,CumulativeGrowth2D,271.9944243245104,135.99721216225518,20.0,-271.8,CumulativeGrowth2D,False,0.4999999999999999,192.32910188479252,29052.257750528024,20.0
65,140.0,240.0,0.0,-275.9,257.68250555403694,150.3147698540599,0.0,-275.9,refit_recommended,pa-90,2,joint_contrast_refit,302.46845088554136,176.4399002765824,,-275.9,CumulativeGrowth2D,302.46845088554136,176.4399002765824,0.0,-275.9,CumulativeGrowth2D,False,0.5833332361111272,231.0140760019988,41914.739085611625,0.0
66,500.0,540.0,0.0,-271.8,540.0,500.0,0.0,-271.8,keep_base_geometry,pa-90,2,joint_contrast_refit,622.6732394366197,576.5492957746478,,-271.8,CumulativeGrowth2D,622.6732394366197,576.5492957746478,0.0,-271.8,CumulativeGrowth2D,False,0.9259259259259258,599.1676040098478,281959.3682739214,0.0
67,100.0,220.0,56.0,-255.3,368.1309395827639,167.33224526489266,51.0,-255.3,refit_recommended,pa-90,2,joint_contrast_refit,439.7349998030169,198.54701506257427,,-255.3,CumulativeGrowth2D,439.7349998030169,198.54701506257427,51.0,-255.3,CumulativeGrowth2D,False,0.4515151515151515,295.47939290148594,68571.59910752771,51.0
68,200.0,260.0,0.0,-263.6,253.7043288178309,195.15717601371608,15.0,-263.6,refit_recommended,pa-90,2,joint_contrast_refit,292.5461042298002,225.035464792154,,-263.6,CumulativeGrowth2D,292.5461042298002,225.035464792154,15.0,-263.6,CumulativeGrowth2D,False,0.7692307692307692,256.5799067317763,51705.31249261545,15.0
69,1000.0,1400.0,39.0,-263.6,1400.0,1000.0,39.0,-263.6,refit_recommended,pa-90,2,joint_contrast_refit,1498.3943661971828,1070.281690140845,,-263.6,CumulativeGrowth2D,1498.3943661971828,1070.281690140845,39.0,-263.6,CumulativeGrowth2D,False,0.7142857142857144,1266.374373852788,1259546.2192345087,39.0
70,80.0,160.0,0.0,-214.1,210.3709954844976,105.1854977422488,-25.0,-206.6087070006455,refit_recommended,pa-90,2,joint_contrast_refit,238.2229300979381,119.11146504896904,,-206.6087070006455,CumulativeGrowth2D,238.2229300979381,119.11146504896904,-25.0,-206.6087070006455,CumulativeGrowth2D,False,0.49999999999999994,168.4490493063809,22285.737455731978,155.0
71,380.0,600.0,0.0,-247.1,600.0,380.0000886666873,-5.0,-243.7229231741225,refit_recommended,pa-90,2,joint_contrast_refit,890.6197183098592,564.059286543411,,-243.7229231741225,CumulativeGrowth2D,890.6197183098592,564.059286543411,-5.0,-243.7229231741225,CumulativeGrowth2D,False,0.6333334811111455,708.7752273403415,394554.4457589444,175.0
72,40.0,240.0,70.0,-218.2,219.7479753454189,36.62466255756981,-75.0,-214.8563105947515,refit_recommended,pa-90,2,joint_contrast_refit,262.490504071056,96.2465181593872,,-214.8563105947515,CumulativeGrowth2D,262.490504071056,96.2465181593872,-75.0,-214.8563105947515,CumulativeGrowth2D,False,0.3666666666666666,158.94589351959235,19842.139816664687,105.0
73,0.0,0.0,0.0,-226.5,190.89475381555297,113.50668828776963,20.0,-226.5,refit_recommended,pa-90,2,joint_contrast_refit,212.2158157557971,126.18426628948812,,-226.5,CumulativeGrowth2D,212.2158157557971,126.18426628948812,20.0,-226.5,CumulativeGrowth2D,False,0.5946034975766934,163.64075594475372,21031.62528755766,20.0
74,100.0,120.0,90.0,-218.2,210.32734895690965,175.2727907974247,35.0,-218.2,refit_recommended,pa-90,2,joint_contrast_refit,233.8188401854772,229.1424633817676,,-218.2,CumulativeGrowth2D,233.8188401854772,229.1424633817676,35.0,-218.2,CumulativeGrowth2D,False,0.9799999999999998,231.46884245005435,42079.92537359685,35.0
75,80.0,260.0,70.0,-234.7,333.57338923506705,102.63796591848217,70.0,-227.2277159859105,refit_recommended,pa-90,2,joint_contrast_refit,350.1111121943267,177.74871849865815,,-227.2277159859105,CumulativeGrowth2D,350.1111121943267,177.74871849865815,70.0,-227.2277159859105,CumulativeGrowth2D,False,0.5076923076923076,249.46302636800007,48876.742622399375,70.0
76,160.0,280.0,36.0,-201.8,276.3491722207036,157.91381269754493,6.0,-210.73250879769853,refit_recommended,pa-90,2,joint_contrast_refit,335.8226278760888,191.89864450062217,,-210.73250879769853,CumulativeGrowth2D,335.8226278760888,191.89864450062217,6.0,-210.73250879769853,CumulativeGrowth2D,False,0.5714285714285714,253.85804513951945,50614.126264404396,6.0
77,180.0,200.0,90.0,-226.5,261.638859026449,235.47499667130376,-70.0,-226.5,refit_recommended,pa-90,2,joint_contrast_refit,312.5294596342696,281.2765417984968,,-226.5,CumulativeGrowth2D,312.5294596342696,281.2765417984968,-70.0,-226.5,CumulativeGrowth2D,False,0.9000000900000089,296.49149332835884,69042.15784027128,110.0
78,60.0,260.0,48.0,-210.0,253.7043288178309,58.54715730774232,-57.0,-210.0,refit_recommended,pa-90,2,joint_contrast_refit,292.5461042298002,118.1436224779652,,-210.0,CumulativeGrowth2D,292.5461042298002,118.1436224779652,-57.0,-210.0,CumulativeGrowth2D,False,0.40384616568047427,185.90980742156927,27145.289854089522,123.0
79,140.0,160.0,90.0,-201.8,180.4364652758795,157.88192685163543,-15.0,-201.8,refit_recommended,pa-90,2,joint_contrast_refit,180.4364652758795,157.88192685163543,,-201.8,CumulativeGrowth2D,180.4364652758795,157.88192685163543,-15.0,-201.8,CumulativeGrowth2D,False,0.8750001093750137,168.7828688346482,22374.153339684068,165.0
80,260.0,340.0,0.0,-193.5,266.66666666666663,203.9216166090078,0.0,-193.5,refit_recommended,pa-90,2,joint_contrast_refit,307.4929577464788,235.1417288983024,,-193.5,CumulativeGrowth2D,307.4929577464788,235.1417288983024,0.0,-193.5,CumulativeGrowth2D,False,0.7647060622837796,268.89482276265505,56787.76315701001,0.0
81,100.0,220.0,136.0,-222.4,308.24005590173374,253.09496552766868,86.0,-214.8563105947515,refit_recommended,pa-90,2,joint_contrast_refit,380.9586606391146,312.80398908525245,,-214.8563105947515,CumulativeGrowth2D,380.9586606391146,312.80398908525245,86.0,-214.8563105947515,CumulativeGrowth2D,False,0.8210969362410016,345.2034019596128,93592.27744475743,86.0
82,360.0,440.0,0.0,-226.5,440.0,360.0000654545574,0.0,-218.98011239180448,keep_base_geometry,pa-90,2,joint_contrast_refit,543.8028169014084,444.9296583610903,,-218.98011239180448,CumulativeGrowth2D,543.8028169014084,444.9296583610903,0.0,-218.98011239180448,CumulativeGrowth2D,False,0.8181819669421759,491.88820024446835,190030.22843597687,0.0
83,0.0,0.0,0.0,-214.1,381.30939582763847,381.30939582763847,0.0,-214.1,refit_recommended,pa-90,2,joint_contrast_refit,381.30939582763847,381.30939582763847,,-214.1,CumulativeGrowth2D,381.30939582763847,381.30939582763847,0.0,-214.1,CumulativeGrowth2D,False,1.0,381.30939582763847,114194.4231528574,0.0
84,140.0,160.0,90.0,-238.8,160.48011180346745,140.42011538054845,-90.0,-238.8,refit_recommended,pa-90,2,joint_contrast_refit,214.9529384860529,188.08384468577685,,-238.8,CumulativeGrowth2D,214.9529384860529,188.08384468577685,-90.0,-238.8,CumulativeGrowth2D,False,0.8750001093750136,201.0700750906562,31752.9998688279,90.0
85,160.0,200.0,0.0,-226.5,239.01583888737025,191.2126711098962,0.0,-223.10391418885752,refit_recommended,pa-90,2,joint_contrast_refit,290.4547405521451,232.36379244171613,,-223.10391418885752,CumulativeGrowth2D,290.4547405521451,232.36379244171613,0.0,-223.10391418885752,CumulativeGrowth2D,False,0.8000000000000002,259.7906177046645,53007.437073759356,0.0
86,100.0,280.0,134.0,-197.6,276.3491722207036,127.67026011857575,-66.0,-197.6,refit_recommended,pa-90,2,joint_contrast_refit,375.8737966387795,248.8242948157961,,-197.6,CumulativeGrowth2D,375.8737966387795,248.8242948157961,-66.0,-197.6,CumulativeGrowth2D,False,0.6619889362889536,305.821079045216,73455.5667667658,114.0
87,180.0,440.0,27.0,-205.9,440.0,180.0000327272787,27.0,-202.4849052035925,keep_base_geometry,pa-90,2,joint_contrast_refit,361.6056338028168,204.63593790653417,,-202.4849052035925,CumulativeGrowth2D,361.6056338028168,204.63593790653417,27.0,-202.4849052035925,CumulativeGrowth2D,False,0.5659091528925735,272.0248297959694,58117.50689923617,27.0
88,20.0,140.0,45.0,-201.8,173.76979860921284,24.824256944173264,55.0,-201.8,refit_recommended,pa-90,2,joint_contrast_refit,250.7424770072374,87.75986695253309,,-201.8,CumulativeGrowth2D,250.7424770072374,87.75986695253309,55.0,-201.8,CumulativeGrowth2D,False,0.35,148.34124989868374,17282.7858767777,55.0
89,0.0,80.0,0.0,-193.5,124.5237583310554,124.5237583310554,0.0,-190.1134998124335,refit_recommended,pa-90,2,joint_contrast_refit,151.32267420849945,148.29622072432946,,-190.1134998124335,CumulativeGrowth2D,151.32267420849945,148.29622072432946,0.0,-190.1134998124335,CumulativeGrowth2D,False,0.98,149.8018047121577,17624.790863440496,0.0
90,240.0,240.0,0.0,-61.6,245.03766215116423,245.03766215116423,0.0,-61.6,refit_recommended,pa-90,2,joint_contrast_refit,245.0376621511642,245.0376621511642,,-61.6,CumulativeGrowth2D,245.0376621511642,245.0376621511642,0.0,-61.6,CumulativeGrowth2D,False,1.0,245.0376621511642,47158.01996630358,0.0
91,160.0,480.0,151.0,-172.9,480.0,160.0,41.0,-172.9,refit_recommended,pa-90,2,joint_contrast_refit,632.9915492957747,221.5470422535212,,-172.9,CumulativeGrowth2D,632.9915492957747,221.5470422535212,41.0,-172.9,CumulativeGrowth2D,False,0.3500000000000001,374.4828507661637,110142.20073342333,41.0
92,80.0,120.0,90.0,-177.0,184.39281874829155,122.92854583219436,-90.0,-177.0,refit_recommended,pa-90,2,joint_contrast_refit,227.89394148116315,151.92929432077543,,-177.0,CumulativeGrowth2D,227.89394148116315,151.92929432077543,-90.0,-177.0,CumulativeGrowth2D,False,0.6666666666666666,186.07462403351298,27193.441997919603,90.0
93,120.0,280.0,38.0,-181.1,290.32734895690965,124.42602447096476,23.0,-177.74209442127452,refit_recommended,pa-90,2,joint_contrast_refit,346.798062887824,153.582006356406,,-177.74209442127452,CumulativeGrowth2D,346.798062887824,153.582006356406,23.0,-177.74209442127452,CumulativeGrowth2D,False,0.44285716326530905,230.78548979263638,41831.83166047965,23.0
94,200.0,220.0,90.0,-201.8,236.3709954844976,214.88272316772503,-90.0,-194.2373016094865,refit_recommended,pa-90,2,joint_contrast_refit,277.45294033349336,252.2299457577212,,-194.2373016094865,CumulativeGrowth2D,277.45294033349336,252.2299457577212,-90.0,-194.2373016094865,CumulativeGrowth2D,False,0.909090909090909,264.5409988841754,54963.687218176776,90.0
95,100.0,280.0,40.0,-238.8,234.41464201208555,140.0895477327024,15.0,-238.8,refit_recommended,pa-90,2,joint_contrast_refit,289.7166878388804,173.13884244429062,,-238.8,CumulativeGrowth2D,289.7166878388804,173.13884244429062,15.0,-238.8,CumulativeGrowth2D,False,0.5976143236201086,223.96698857023023,39396.52375441363,15.0
96,200.0,200.0,0.0,-144.0,205.08130867875215,205.08130867875215,0.0,-144.0,refit_recommended,pa-90,2,joint_contrast_refit,261.9552659729019,256.71616065344386,,-144.0,CumulativeGrowth2D,261.9552659729019,256.71616065344386,0.0,-144.0,CumulativeGrowth2D,False,0.9800000000000001,259.32248291175046,52816.573614592606,0.0
97,220.0,360.0,129.0,-226.5,360.0,219.999951111122,-51.0,-223.10391418885752,keep_base_geometry,pa-90,2,joint_contrast_refit,534.3718309859155,326.5604908112837,,-223.10391418885752,CumulativeGrowth2D,534.3718309859155,326.5604908112837,-51.0,-223.10391418885752,CumulativeGrowth2D,False,0.6111109753086722,417.73762986171704,137055.692406084,129.0
98,240.0,480.0,163.0,-218.2,480.0,240.0,8.0,-218.2,refit_recommended,pa-90,2,joint_contrast_refit,563.425352112676,281.712676056338,,-218.2,CumulativeGrowth2D,563.425352112676,281.712676056338,8.0,-218.2,CumulativeGrowth2D,False,0.5,398.4018871712915,124661.58811825272,8.0
99,160.0,340.0,0.0,-177.0,340.0,160.0,-20.0,-177.0,refit_recommended,pa-90,2,joint_contrast_refit,370.9352112676056,209.1056338028169,,-177.0,CumulativeGrowth2D,370.9352112676056,209.1056338028169,-20.0,-177.0,CumulativeGrowth2D,False,0.5637254901960784,278.5042952126492,60919.127726297666,160.0
100,200.0,360.0,0.0,-197.6,389.3333333333333,216.29629629629628,10.0,-197.6,refit_recommended,pa-90,2,joint_contrast_refit,473.1222535211267,262.8456964006259,,-197.6,CumulativeGrowth2D,473.1222535211267,262.8456964006259,10.0,-197.6,CumulativeGrowth2D,False,0.5555555555555555,352.6445068470428,97670.66120716574,10.0
101,40.0,120.0,139.0,-152.3,227.617035762655,75.87234525421833,19.0,-152.3,refit_recommended,pa-90,2,joint_contrast_refit,342.5796681915114,119.902883867029,,-152.3,CumulativeGrowth2D,342.5796681915114,119.902883867029,19.0,-152.3,CumulativeGrowth2D,False,0.35000000000000003,202.67286490887753,32261.242858990925,19.0
102,220.0,320.0,0.0,-197.6,320.0,220.00006875002148,-10.0,-197.6,refit_recommended,pa-90,2,joint_contrast_refit,388.8676056338028,267.3465624190402,,-197.6,CumulativeGrowth2D,388.8676056338028,267.3465624190402,-10.0,-197.6,CumulativeGrowth2D,False,0.6875002148438172,322.4320356328139,81651.8918472208,170.0
103,400.0,420.0,90.0,-214.1,420.0,400.0,-90.0,-206.6087070006455,refit_recommended,pa-90,2,joint_contrast_refit,545.1718309859154,519.2112676056338,,-206.6087070006455,CumulativeGrowth2D,545.1718309859154,519.2112676056338,-90.0,-206.6087070006455,CumulativeGrowth2D,False,0.9523809523809524,532.0332296286404,222314.29945726247,90.0
104,60.0,80.0,0.0,-243.0,87.9662079833586,65.97467248118707,-35.0,-243.0,refit_recommended,pa-90,2,joint_contrast_refit,130.57406562487552,89.22563599297501,,-243.0,CumulativeGrowth2D,130.57406562487552,89.22563599297501,-35.0,-243.0,CumulativeGrowth2D,False,0.6833335208333801,107.93773227916165,9150.323753093391,145.0
105,0.0,100.0,0.0,-189.4,280.1091163189699,280.1091163189699,5.0,-189.4,refit_recommended,pa-90,2,joint_contrast_refit,357.79008111221657,350.63427948997224,,-189.4,CumulativeGrowth2D,357.79008111221657,350.63427948997224,5.0,-189.4,CumulativeGrowth2D,False,0.98,354.1941096340265,98530.92280882264,5.0
106,260.0,440.0,0.0,-230.6,440.0,259.9999527272813,0.0,-223.10391418885752,keep_base_geometry,pa-90,2,joint_contrast_refit,534.6929577464788,315.9548721311243,,-223.10391418885752,CumulativeGrowth2D,534.6929577464788,315.9548721311243,0.0,-223.10391418885752,CumulativeGrowth2D,False,0.5909089834710939,411.02170878701935,132684.25866347176,0.0
107,200.0,420.0,24.0,-177.0,420.0,200.0,24.0,-177.0,refit_recommended,pa-90,2,joint_contrast_refit,484.3014084507042,248.4927464788732,,-177.0,CumulativeGrowth2D,484.3014084507042,248.4927464788732,24.0,-177.0,CumulativeGrowth2D,False,0.513095238095238,346.908326664988,94519.04600915786,24.0
108,60.0,100.0,0.0,-193.5,216.2837024293217,129.77019550355394,-85.0,-193.5,refit_recommended,pa-90,2,joint_contrast_refit,316.5662303726072,189.9397002356243,,-193.5,CumulativeGrowth2D,316.5662303726072,189.9397002356243,-85.0,-193.5,CumulativeGrowth2D,False,0.599999880000024,245.21112311984257,47224.80946364377,95.0
109,100.0,180.0,50.0,-177.0,187.10313194254616,120.40005607585152,5.0,-173.6182926242215,refit_recommended,pa-90,2,joint_contrast_refit,219.62218332523656,141.32592497692204,,-173.6182926242215,CumulativeGrowth2D,219.62218332523656,141.32592497692204,5.0,-173.6182926242215,CumulativeGrowth2D,False,0.6434956744220766,176.1769230174321,24377.430258299315,5.0
110,140.0,140.0,0.0,-139.9,155.1467784701341,155.1467784701341,0.0,-139.9,refit_recommended,pa-90,2,joint_contrast_refit,182.11172560142217,178.46949108939373,,-139.9,CumulativeGrowth2D,182.11172560142217,178.46949108939373,0.0,-139.9,CumulativeGrowth2D,False,0.98,180.28141054888917,25526.529649420765,0.0
111,160.0,160.0,0.0,-226.5,160.48011180346745,160.48011180346745,0.0,-218.98011239180448,refit_recommended,pa-90,2,joint_contrast_refit,188.37200729156305,184.60456714573172,,-218.98011239180448,CumulativeGrowth2D,188.37200729156305,184.60456714573172,0.0,-218.98011239180448,CumulativeGrowth2D,False,0.9799999999999996,186.47877323822038,27311.697168237708,0.0
112,80.0,300.0,55.0,-148.2,300.32734895690965,80.0872930551759,35.0,-148.2,refit_recommended,pa-90,2,joint_contrast_refit,346.3070430859464,154.87620538010376,,-148.2,CumulativeGrowth2D,346.3070430859464,154.87620538010376,35.0,-148.2,CumulativeGrowth2D,False,0.4472222222222221,231.5917112712704,42124.61115532792,35.0
113,100.0,120.0,90.0,-168.8,193.03766215116423,174.22187398288648,70.0,-168.8,refit_recommended,pa-90,2,joint_contrast_refit,234.5815421183444,211.71638432737245,,-168.8,CumulativeGrowth2D,234.5815421183444,211.71638432737245,70.0,-168.8,CumulativeGrowth2D,False,0.9025278903681319,222.8559084413853,39006.60809083299,70.0
114,600.0,800.0,0.0,-218.2,800.0,600.0001500000375,0.0,-218.2,refit_recommended,pa-90,2,joint_contrast_refit,1071.5492957746478,803.662172746529,,-218.2,CumulativeGrowth2D,1071.5492957746478,803.662172746529,0.0,-218.2,CumulativeGrowth2D,False,0.7500001875000468,927.9890275468059,676356.3375078732,0.0
115,340.0,360.0,90.0,-177.0,360.0,339.9998488889561,-90.0,-177.0,refit_recommended,pa-90,2,joint_contrast_refit,407.6619718309859,383.50419683256354,,-177.0,CumulativeGrowth2D,407.6619718309859,383.50419683256354,-90.0,-177.0,CumulativeGrowth2D,False,0.9407406707819241,395.398630607418,122789.20940893378,90.0
116,160.0,180.0,90.0,-127.5,176.45828853967348,156.8518120352653,-90.0,-127.5,refit_recommended,pa-90,2,joint_contrast_refit,214.4341004958173,190.60808932961527,,-127.5,CumulativeGrowth2D,214.4341004958173,190.60808932961527,-90.0,-127.5,CumulativeGrowth2D,False,0.8888888888888884,202.17040877097332,32101.480315806642,90.0
117,60.0,180.0,129.0,-123.4,219.03766215116423,73.01255405038808,-61.0,-123.4,refit_recommended,pa-90,2,joint_contrast_refit,220.82698389831452,104.279409063093,,-123.4,CumulativeGrowth2D,220.82698389831452,104.279409063093,-61.0,-123.4,CumulativeGrowth2D,False,0.4722222222222224,151.7488299332202,18085.919088297887,119.0
118,80.0,160.0,0.0,-127.5,220.3491722207036,110.1745861103518,-5.0,-124.1326710595855,refit_recommended,pa-90,2,joint_contrast_refit,276.8951147257912,138.4475573628956,,-124.1326710595855,CumulativeGrowth2D,276.8951147257912,138.4475573628956,-5.0,-124.1326710595855,CumulativeGrowth2D,False,0.5,195.794413300034,30108.59381333338,175.0
119,60.0,100.0,0.0,-123.4,224.2618791655277,134.5571005878965,-55.0,-115.8850674654795,refit_recommended,pa-90,2,joint_contrast_refit,277.1687309404938,166.30120530405517,,-115.8850674654795,CumulativeGrowth2D,277.1687309404938,166.30120530405517,-55.0,-115.8850674654795,CumulativeGrowth2D,False,0.5999998800000239,214.69395433500097,36201.745554162044,125.0
120,440.0,540.0,48.0,-214.1,540.0,439.9999022222439,48.0,-210.73250879769853,refit_recommended,pa-90,2,joint_contrast_refit,689.7549295774647,562.0224103173986,,-210.73250879769853,CumulativeGrowth2D,689.7549295774647,562.0224103173986,48.0,-210.73250879769853,CumulativeGrowth2D,False,0.8148146337448962,622.6216572280748,304465.6676368532,48.0
121,140.0,280.0,0.0,-115.2,304.30552569311567,152.15276284655783,5.0,-115.2,refit_recommended,pa-90,2,joint_contrast_refit,357.194683257243,187.52720871005252,,-115.2,CumulativeGrowth2D,357.194683257243,187.52720871005252,5.0,-115.2,CumulativeGrowth2D,False,0.5249999999999998,258.81213634082565,52608.89217137448,5.0
122,180.0,200.0,90.0,-139.9,205.08130867875215,184.5731962681966,40.0,-139.9,refit_recommended,pa-90,2,joint_contrast_refit,257.70921634251084,231.9383179020916,,-139.9,CumulativeGrowth2D,257.70921634251084,231.9383179020916,40.0,-139.9,CumulativeGrowth2D,False,0.9000000900000092,244.48444152204897,46945.32336315477,40.0
123,220.0,300.0,0.0,-115.2,300.32734895690965,220.24011463243096,-50.0,-115.2,refit_recommended,pa-90,2,joint_contrast_refit,408.48749420801073,299.5575756345613,,-115.2,CumulativeGrowth2D,408.48749420801073,299.5575756345613,-50.0,-115.2,CumulativeGrowth2D,False,0.7333335288889409,349.80783787958296,96105.65737450524,130.0
124,140.0,180.0,0.0,-168.8,176.45828853967348,137.24536602982738,55.0,-168.8,refit_recommended,pa-90,2,joint_contrast_refit,196.16693963994967,152.574320292032,,-168.8,CumulativeGrowth2D,196.16693963994967,152.574320292032,55.0,-168.8,CumulativeGrowth2D,False,0.7777779506173222,173.0029984691982,23506.99646668524,55.0
125,200.0,340.0,57.0,-210.0,340.0,200.0,57.0,-210.73250879769853,refit_recommended,pa-90,2,joint_contrast_refit,420.2112676056338,247.1830985915493,,-210.73250879769853,CumulativeGrowth2D,420.2112676056338,247.1830985915493,57.0,-210.73250879769853,CumulativeGrowth2D,False,0.5882352941176471,322.28733017269434,81578.61858700622,57.0
126,120.0,240.0,119.0,-98.7,245.03766215116423,122.51883107558211,-61.0,-91.14225668316148,refit_recommended,pa-90,2,joint_contrast_refit,282.55258310303964,148.34010612909577,,-91.14225668316148,CumulativeGrowth2D,282.55258310303964,148.34010612909577,-61.0,-91.14225668316148,CumulativeGrowth2D,False,0.5249999999999999,204.72879661775735,32919.084502102276,119.0
127,200.0,400.0,0.0,-144.0,400.0,200.0,15.0,-144.0,refit_recommended,pa-90,2,joint_contrast_refit,486.0845070422534,243.0422535211267,,-144.0,CumulativeGrowth2D,486.0845070422534,243.0422535211267,15.0,-144.0,CumulativeGrowth2D,False,0.5,343.71365115929746,92786.21173977792,15.0
128,60.0,100.0,0.0,-82.2,248.1964093741458,148.9178158409243,0.0,-82.2,refit_recommended,pa-90,2,joint_contrast_refit,248.19640937414576,148.9178158409243,,-82.2,CumulativeGrowth2D,248.19640937414576,148.9178158409243,0.0,-82.2,CumulativeGrowth2D,False,0.599999880000024,192.25209279370068,29028.997203543233,0.0
129,60.0,180.0,49.0,-82.2,219.03766215116423,73.01255405038808,49.0,-82.2,refit_recommended,pa-90,2,joint_contrast_refit,297.9220709005342,104.27272481518696,,-82.2,CumulativeGrowth2D,297.9220709005342,104.27272481518696,49.0,-82.2,CumulativeGrowth2D,False,0.35,176.25307405938207,24398.508704694414,49.0
130,660.0,680.0,90.0,-69.8,680.0,660.0000194117653,-90.0,-69.8,refit_recommended,pa-90,2,joint_contrast_refit,953.0535211267604,925.0225624178134,,-69.8,CumulativeGrowth2D,953.0535211267604,925.0225624178134,-90.0,-69.8,CumulativeGrowth2D,False,0.9705882638408313,938.9334429202081,692403.8872962982,90.0
131,80.0,120.0,90.0,-197.6,227.617035762655,151.74469050843666,-85.0,-190.1134998124335,refit_recommended,pa-90,2,joint_contrast_refit,342.5796681915114,228.38644546100764,,-190.1134998124335,CumulativeGrowth2D,342.5796681915114,228.38644546100764,-85.0,-190.1134998124335,CumulativeGrowth2D,False,0.6666666666666667,279.71512777372396,61449.986398077956,95.0
132,460.0,480.0,90.0,-61.6,480.0,460.0001150000288,-90.0,-54.0280405096845,keep_base_geometry,pa-90,2,joint_contrast_refit,593.2394366197184,568.5212688908807,,-54.0280405096845,CumulativeGrowth2D,593.2394366197184,568.5212688908807,-90.0,-54.0280405096845,CumulativeGrowth2D,False,0.9583335729167266,580.7488590287143,264890.639516939,90.0
133,160.0,240.0,98.0,-148.2,270.32734895690965,180.21823263793976,-47.0,-140.6278782477975,refit_recommended,pa-90,2,joint_contrast_refit,328.50484039439664,219.0032269295978,,-140.6278782477975,CumulativeGrowth2D,328.50484039439664,219.0032269295978,-47.0,-140.6278782477975,CumulativeGrowth2D,False,0.6666666666666667,268.2230790002332,56504.38710127388,133.0
134,20.0,120.0,47.0,-69.8,262.1964093741458,43.69940156235763,37.0,-62.275644103790505,refit_recommended,pa-90,2,joint_contrast_refit,345.76689872818685,125.8207325927569,,-62.275644103790505,CumulativeGrowth2D,345.76689872818685,125.8207325927569,37.0,-62.275644103790505,CumulativeGrowth2D,False,0.36388888888888893,208.57767019579552,34168.46789294086,37.0
135,0.0,200.0,168.0,-82.2,205.08130867875215,205.08130867875215,73.0,-91.14225668316148,refit_recommended,pa-90,2,joint_contrast_refit,274.6934148640751,269.1995465667936,,-91.14225668316148,CumulativeGrowth2D,274.6934148640751,269.1995465667936,73.0,-91.14225668316148,CumulativeGrowth2D,False,0.9799999999999999,271.9326069567479,58078.10716535228,73.0
136,220.0,320.0,49.0,-185.3,320.0,220.00006875002148,49.0,-181.86589621832752,refit_recommended,pa-90,2,joint_contrast_refit,455.12112676056336,312.8958724278474,,-181.86589621832752,CumulativeGrowth2D,455.12112676056336,312.8958724278474,49.0,-181.86589621832752,CumulativeGrowth2D,False,0.6875002148438171,377.3665618706716,111845.03545066385,49.0
137,0.0,80.0,0.0,-57.5,146.45828853967348,73.22914426983674,-55.0,-57.5,refit_recommended,pa-90,2,joint_contrast_refit,171.91315164642796,85.95657582321398,,-57.5,CumulativeGrowth2D,171.91315164642796,85.95657582321398,-55.0,-57.5,CumulativeGrowth2D,False,0.5,121.56095530434051,11605.880382530482,125.0
138,160.0,200.0,0.0,-74.0,205.08130867875215,164.06504694300173,-30.0,-74.0,refit_recommended,pa-90,2,joint_contrast_refit,227.98686892977327,182.3894951438187,,-74.0,CumulativeGrowth2D,227.98686892977327,182.3894951438187,-30.0,-74.0,CumulativeGrowth2D,False,0.8000000000000004,203.91765476172313,32658.748383573464,150.0
139,220.0,400.0,0.0,-61.6,400.0,219.99997800000224,0.0,-61.6,refit_recommended,pa-90,2,joint_contrast_refit,477.8028169014084,262.7915230166224,,-61.6,CumulativeGrowth2D,477.8028169014084,262.7915230166224,0.0,-61.6,CumulativeGrowth2D,False,0.5499999450000057,354.34803506602583,98616.58041831464,0.0
140,80.0,160.0,0.0,-61.6,190.41464201208552,95.20732100604276,15.0,-61.6,refit_recommended,pa-90,2,joint_contrast_refit,247.16356912441967,123.58178456220986,,-61.6,CumulativeGrowth2D,247.16356912441967,123.58178456220986,15.0,-61.6,CumulativeGrowth2D,False,0.5000000000000001,174.77103579014715,23989.920103773027,15.0
141,100.0,260.0,126.0,-57.5,267.01583888737025,130.408819063061,76.0,-49.9042387126315,refit_recommended,pa-90,2,joint_contrast_refit,302.3672316414728,156.9880947061241,,-49.9042387126315,CumulativeGrowth2D,302.3672316414728,156.9880947061241,76.0,-49.9042387126315,CumulativeGrowth2D,False,0.5191967854911945,217.8716493648499,37281.323685900425,76.0
