Seq,label,Maj_pc,Min_pc,q_ba,PA_deg,v_center_kms,RA_deg,Dec_deg
1,CAP30_POSTPV_0002,264.0,264.0,1.0,-45.0,-128.2564728566385,11.286714549506646,41.6155540920828
2,CAP30_POSTPV_0003,220.0,220.0,1.0,-40.0,-264.3419321593875,10.99935105499478,41.31821113427335
3,CAP30_POSTPV_0004,264.0,264.0,1.0,-45.0,-132.3802746536915,11.172711370890278,41.99152844759467
4,CAP30_POSTPV_0005,264.0,237.6,0.9,25.0,-173.6182926242215,10.906838736364437,41.79024003242813
5,CAP30_POSTPV_0006,220.0,198.0,0.9,40.0,-74.6470494949495,11.621276194788155,41.98184927645207
6,CAP30_POSTPV_0007,303.6,303.6,1.0,-45.0,-536.5128507648855,10.041545363122705,40.493331778274815
7,CAP30_POSTPV_0008,264.0,264.0,1.0,45.0,-177.74209442127452,10.844977222253886,41.70922740274992
8,CAP30_POSTPV_0010,319.0,287.1,0.9,40.0,-70.5232476978965,11.268610504791337,42.03567682413096
9,CAP30_POSTPV_0011,303.6,303.6,1.0,-45.0,-124.1326710595855,11.445835812162114,41.74865723699701
10,CAP30_POSTPV_0012,343.2,343.2,1.0,-90.0,-74.6470494949495,11.228707413846491,41.96183396498236
11,CAP30_POSTPV_0013,366.85,330.165,0.9,60.0,-70.5232476978965,11.504904352199356,42.187893126036094
12,CAP30_POSTPV_0014,360.0,360.0,1.0,85.0,-70.5232476978965,11.331492709602673,42.05868212829365
13,CAP30_POSTPV_0015,264.0,211.2,0.7999999999999999,55.0,-429.2940040415075,10.292270486143844,41.12060952438198
14,CAP30_POSTPV_0016,264.0,237.6,0.9,-65.0,-429.2940040415075,10.367052554964022,40.59971021254301
15,CAP30_POSTPV_0017,345.0,276.0,0.8,45.0,-157.1230854360095,10.941582560745134,41.76752874539099
16,CAP30_POSTPV_0018,300.0,270.0,0.9,-60.0,-128.2564728566385,11.392194534274145,41.7296886691088
17,CAP30_POSTPV_0022,319.0,319.0,1.0,-90.0,-256.0943285652815,10.632962246190438,41.613212731350345
18,CAP30_POSTPV_0023,264.0,211.2,0.7999999999999999,0.0,-181.86589621832752,11.282791736209616,41.59321232099617
19,CAP30_POSTPV_0024,360.0,360.0,1.0,-90.0,-317.9513555210765,10.856027495514017,41.1046225987849
20,CAP30_POSTPV_0025,303.6,303.6,1.0,45.0,-482.9034274031965,10.522540808962422,40.974217626150576
21,CAP30_POSTPV_0028,414.0,414.0,1.0,65.0,-507.64623818551456,9.765478759763434,40.59256813660655
22,CAP30_POSTPV_0029,303.6,303.6,1.0,-40.0,-330.3227609122355,10.389336698567812,41.34645614101397
23,CAP30_POSTPV_0030,319.0,319.0,1.0,-90.0,-544.7604543589915,9.893716604391832,40.40600226080407
24,CAP30_POSTPV_0031,366.85,256.795,0.7,25.0,-532.3890489678325,9.980770826415377,40.454079428822894
25,CAP30_POSTPV_0032,300.0,300.0,1.0,-75.0,-198.36110340653948,10.833292597240112,41.72493784976035
26,CAP30_POSTPV_0033,345.0,345.0,1.0,-90.0,-132.3802746536915,10.94661356920225,41.72265467707661
27,CAP30_POSTPV_0035,303.6,212.51999999999995,0.6999999999999998,35.0,-95.2660584802145,11.228172928095487,42.05240132924401
28,CAP30_POSTPV_0037,345.0,345.0,1.0,-90.0,-557.1318597501505,9.964285426379876,40.54440446140147
29,CAP30_POSTPV_0040,414.0,372.6,0.9,10.0,-470.5320220120375,10.189090453838425,40.96479167372233
30,CAP30_POSTPV_0041,440.22,440.22,1.0,-65.0,-227.2277159859105,10.764153114946676,41.64430892473539
31,CAP30_POSTPV_0042,319.0,319.0,1.0,-90.0,-528.2652471707795,10.055699689102983,40.50313397161548
32,CAP30_POSTPV_0043,366.85,220.11,0.6,40.0,-132.3802746536915,11.414396512130647,41.75080308647209
33,CAP30_POSTPV_0044,366.85,330.165,0.9,-80.0,-202.4849052035925,10.827809417271736,41.686054645874286
34,CAP30_POSTPV_0045,366.85,256.795,0.7,25.0,-132.3802746536915,11.129075571320714,41.924474507606575
35,CAP30_POSTPV_0046,440.22,396.198,0.8999999999999999,-45.0,-528.2652471707795,9.952299163822689,40.36986014344856
36,CAP30_POSTPV_0048,390.0,234.0,0.6,85.0,-280.83713934759953,10.960040916428872,41.20553300477521
37,CAP30_POSTPV_0049,414.0,414.0,1.0,-90.0,-342.6941663033945,10.79926629277091,41.00469213837174
38,CAP30_POSTPV_0054,414.0,414.0,1.0,-90.0,-120.0088692625325,11.48187047025522,42.3086303815201
39,CAP30_POSTPV_0055,420.0,420.0,1.0,-90.0,-173.6182926242215,11.303116744654169,41.54352062062996
40,CAP30_POSTPV_0059,373.23,298.584,0.7999999999999999,45.0,-466.40822021498445,10.160696504931703,40.97327719968867
41,CAP30_POSTPV_0061,345.0,345.0,1.0,-90.0,-54.0280405096845,11.447091886370004,41.94811152914709
42,CAP30_POSTPV_0062,360.0,324.0,0.9,-75.0,-194.2373016094865,11.009467360885193,42.04446195598249
43,CAP30_POSTPV_0063,414.0,414.0,1.0,-90.0,-511.7700399825675,10.16523244066476,40.55910691884246
44,CAP30_POSTPV_0064,540.0,486.0,0.9,-30.0,-206.6087070006455,10.804401657810963,41.69983146199895
45,CAP30_POSTPV_0068,500.25,250.125,0.5,10.0,-322.0751573181295,10.50351246133604,41.33696910123225
46,CAP30_POSTPV_0070,574.2,516.7800000000001,0.9000000000000001,-30.0,-297.3323465358115,10.39748693107298,41.42800507041717
47,CAP30_POSTPV_0072,420.0,420.0,1.0,-90.0,-148.87548184190348,11.289458813394807,42.16294852921433
48,CAP30_POSTPV_0073,483.0,483.0,1.0,-90.0,-540.6366525619385,9.978828681585837,40.51726984321777
49,CAP30_POSTPV_0074,420.0,420.0,1.0,-90.0,-132.3802746536915,11.455427780999178,42.327282936016736
50,CAP30_POSTPV_0075,483.0,483.0,1.0,-90.0,-214.8563105947515,10.89787807611734,41.952349601928425
51,CAP30_POSTPV_0076,420.0,378.0,0.9,45.0,-478.7796256061435,9.166607529870292,40.17579732295671
52,CAP30_POSTPV_0079,435.0,435.0,1.0,-90.0,-289.0847429417055,10.423492534126629,41.36403841475924
53,CAP30_POSTPV_0080,345.0,345.0,1.0,-90.0,-581.8746705324686,10.09961301988062,40.74547163214695
54,CAP30_POSTPV_0081,420.0,378.0,0.9,45.0,-367.4369770857125,10.743992238793105,40.936538449352255
55,CAP30_POSTPV_0083,420.0,420.0,1.0,-90.0,-495.2748327943555,9.421726512351407,39.80253540214014
56,CAP30_POSTPV_0084,462.55,277.53,0.6,-5.0,-569.5032651413095,10.094268275124584,40.60390556631595
57,CAP30_POSTPV_0086,531.9325,425.5460000000001,0.8000000000000002,70.0,-165.3706890301155,11.032944929322658,41.85743513815376
58,CAP30_POSTPV_0087,720.0,576.0,0.8,-90.0,-227.2277159859105,10.78484377954699,41.68318279506381
59,CAP30_POSTPV_0090,483.0,434.69999999999993,0.8999999999999999,45.0,-276.7133375505465,10.582080919833086,41.601095339277904
60,CAP30_POSTPV_0092,579.5999999999999,289.79999999999995,0.5,60.0,-367.4369770857125,10.720350107504384,41.07543858948487
61,CAP30_POSTPV_0093,579.5999999999999,347.75999999999993,0.6,10.0,-482.9034274031965,10.360696772236423,40.7408122068609
62,CAP30_POSTPV_0097,690.0,690.0,1.0,-90.0,-388.0559860709775,10.350332553879516,41.15968183123789
63,CAP30_POSTPV_0098,604.8,483.84,0.8,-90.0,-247.84672497117552,10.617227033555302,41.737791176817154
64,CAP30_POSTPV_0099,600.0,600.0,1.0,15.0,-412.7987968532954,10.512792753494908,40.76141993440125
65,CAP30_POSTPV_0100,600.0,600.0,1.0,15.0,-507.64623818551456,9.36723944948888,40.00324326700834
66,CAP30_POSTPV_0101,720.0,720.0,1.0,-90.0,-404.5511932591895,10.59659692910654,40.75762596114655
67,CAP30_POSTPV_0105,720.0,504.0,0.7,0.0,-124.1326710595855,11.625421448634691,41.8955549558
68,CAP30_POSTPV_0106,720.0,720.0,1.0,-90.0,-499.3986345914085,10.110274322665536,40.48689184932957
69,CAP30_POSTPV_0108,420.0,420.0,1.0,-90.0,-330.3227609122355,10.45703720447792,41.29702567959018
70,CAP30_POSTPV_0112,319.0,287.1,0.9,25.0,-482.9034274031965,9.376563476420811,40.31066579083112
71,CAP30_POSTPV_0114,483.0,483.0,1.0,-90.0,-573.6270669383625,10.16937853520493,40.85081188009418
72,CAP30_POSTPV_0115,600.0,540.0,0.9,-15.0,-120.0088692625325,11.105368981985176,41.89636577432128
73,CAP30_POSTPV_0118,690.0,690.0,1.0,-90.0,-115.8850674654795,11.374820353246731,42.17220066183149
74,CAP30_POSTPV_0137,690.3449999999999,552.276,0.8,15.0,-268.4657339564405,11.026819901596856,41.337161099159154
75,CAP30_POSTPV_0140,288.0,288.0,1.0,-90.0,-305.5799501299175,10.415431051430108,41.299714026725766
76,CAP30_POSTPV_0141,365.4,292.32,0.8,-60.0,-260.21813036233453,10.602657039453511,41.63277897557995
77,CAP30_POSTPV_0142,360.0,360.0,1.0,-90.0,-177.74209442127452,10.876193626395503,41.69598538512465
78,CAP30_POSTPV_0143,478.5,478.5,1.0,-25.0,-297.3323465358115,10.909897628292264,41.27953080658936
79,CAP30_POSTPV_0146,462.55,370.04,0.8,-20.0,-157.1230854360095,10.999155772237128,41.85003067490482
80,CAP30_POSTPV_0156,476.905,238.4525,0.5,50.0,-264.3419321593875,11.009406848757555,41.25790514287605
81,CAP30_POSTPV_0160,514.8000000000001,514.8000000000001,1.0,-45.0,-305.5799501299175,10.522917066324553,41.41866484242897
82,CAP30_POSTPV_0161,475.2000000000001,427.68000000000006,0.8999999999999999,45.0,-181.86589621832752,11.233842431983703,41.493450862015294
83,CAP30_POSTPV_0164,440.22,440.22,1.0,-90.0,-544.7604543589915,9.996726543709409,40.58919241496964
84,CAP30_POSTPV_0165,601.315,420.9205,0.7,70.0,-437.5416076356135,10.41189691383438,40.63774527247508
85,CAP30_POSTPV_0166,394.68,394.68,1.0,-45.0,-342.6941663033945,10.829371650057055,41.053130976960496
86,CAP30_POSTPV_0169,394.68,236.808,0.6,-20.0,-437.5416076356135,10.028924105805537,40.88606969571489
87,CAP30_POSTPV_0172,303.6,242.88,0.7999999999999999,40.0,-581.8746705324686,10.06146217807323,40.72776935927404
88,CAP30_POSTPV_0175,220.0,198.0,0.9,-40.0,-396.3035896650835,10.369417172735384,41.21904158188645
89,CAP30_POSTPV_0176,220.0,198.0,0.9,45.0,-445.7892112297195,10.245165659497909,41.05141053697335
90,CAP30_POSTPV_0177,253.0,202.4,0.8,-45.0,-478.7796256061435,9.359247556200048,40.283236328911286
91,CAP30_POSTPV_0178,264.0,264.0,1.0,-45.0,-66.3994459008435,11.41740008620408,41.88329507954476
92,CAP30_POSTPV_0179,220.0,198.0,0.9,45.0,-470.5320220120375,10.09332840114369,40.87475208483192
93,CAP30_POSTPV_0180,264.0,211.2,0.7999999999999999,50.0,-140.6278782477975,11.38582936116263,41.74333919314675
94,CAP30_POSTPV_0181,303.6,303.6,1.0,-90.0,-272.58953575349346,10.970763285986942,41.25120164956288
95,CAP30_POSTPV_0183,303.6,242.88,0.7999999999999999,10.0,-342.6941663033945,10.444053567466115,41.30866608819908
96,CAP30_POSTPV_0184,253.0,227.7,0.8999999999999999,-90.0,-239.5991213770695,10.68609306696541,41.66378089289167
97,CAP30_POSTPV_0186,366.85,293.48,0.8,10.0,-309.70375192697054,10.328651832179888,41.34684083088823
98,CAP30_POSTPV_0187,420.0,378.0,0.9,-80.0,-268.4657339564405,10.99959065825551,41.3677941846176
99,CAP30_POSTPV_0188,303.6,242.88,0.7999999999999999,45.0,-140.6278782477975,11.0279877329557,41.837170860957045
100,CAP30_POSTPV_0189,504.0,352.79999999999995,0.7,30.0,-198.36110340653948,11.215756098788177,41.50395202702348
101,CAP30_POSTPV_0190,366.85,330.165,0.9,45.0,-264.3419321593875,10.982051641267905,41.29603453318453
102,CAP30_POSTPV_0191,303.6,242.88,0.7999999999999999,-10.0,-111.76126566842647,11.113222829060156,41.87105765947718
103,CAP30_POSTPV_0192,264.0,184.8,0.7000000000000001,55.0,-70.5232476978965,11.44558832475554,42.16592832389821
104,CAP30_POSTPV_0193,264.0,264.0,1.0,60.0,-268.4657339564405,10.585876724594735,41.669294518999685
105,CAP30_POSTPV_0194,303.6,273.23999999999995,0.8999999999999998,-20.0,-198.36110340653948,10.855286059485564,41.66782267452903
106,CAP30_POSTPV_0195,476.905,238.4525,0.5,30.0,-532.3890489678325,10.184376122621789,40.90726934060041
107,CAP30_POSTPV_0196,343.2,343.2,1.0,-45.0,-396.3035896650835,10.507911668625642,40.735161371289145
108,CAP30_POSTPV_0197,414.7,373.23,0.9,-90.0,-280.83713934759953,10.982110733422898,41.22783953283764
109,CAP30_POSTPV_0198,360.0,360.0,1.0,-85.0,-231.3515177829635,10.81382498328559,41.85329985186853
110,CAP30_POSTPV_0199,345.0,310.5,0.9,20.0,-495.2748327943555,9.856712154810108,40.67007876002268
111,CAP30_POSTPV_0200,264.0,211.2,0.7999999999999999,40.0,-289.0847429417055,11.009354401600428,41.24734966054158
112,CAP30_POSTPV_0202,366.85,330.165,0.9,25.0,-408.67499505624255,10.522961875609816,40.80226961620213
113,CAP30_POSTPV_0203,345.0,241.5,0.7,35.0,-132.3802746536915,11.271436603196454,41.63118844795182
114,CAP30_POSTPV_0205,497.64,497.64,1.0,-45.0,-355.0655716945535,10.703550995437864,40.95891362240467
115,CAP30_POSTPV_0206,319.0,223.3,0.7000000000000001,45.0,-342.6941663033945,10.476044552249954,41.30761714685362
116,CAP30_POSTPV_0207,319.0,287.1,0.9,5.0,-169.4944908271685,10.99087669849175,41.95117060336165
117,CAP30_POSTPV_0208,414.0,414.0,1.0,-90.0,-474.6558238090905,10.195034113619997,40.533819382554846
118,CAP30_POSTPV_0209,366.85,330.165,0.9,-20.0,-540.6366525619385,9.816750459127812,40.39085675608916
119,CAP30_POSTPV_0210,300.0,300.0,1.0,-10.0,-256.0943285652815,11.045034200981078,41.38613408217526
120,CAP30_POSTPV_0211,421.8775,379.68975,0.9,70.0,-157.1230854360095,11.061534518132223,41.99374545816212
121,CAP30_POSTPV_0212,366.85,366.85,1.0,-90.0,-301.4561483328645,10.94920749541854,41.22000284148767
122,CAP30_POSTPV_0213,300.0,210.0,0.7,60.0,-305.5799501299175,10.887347332211432,41.09971067704178
123,CAP30_POSTPV_0215,440.22,396.198,0.8999999999999999,50.0,-74.6470494949495,11.384201294992137,41.81599314284179
124,CAP30_POSTPV_0216,414.0,414.0,1.0,-90.0,-218.98011239180448,10.86853914711148,41.6861363265254
125,CAP30_POSTPV_0217,345.0,276.0,0.8,0.0,-561.2556615472035,10.168600378415777,40.785666336174856
126,CAP30_POSTPV_0218,319.0,319.0,1.0,-45.0,-458.1606166208785,9.828059738752051,40.79043470208567
127,CAP30_POSTPV_0219,345.0,345.0,1.0,45.0,-144.7516800448505,10.985846938051235,41.755755562427176
128,CAP30_POSTPV_0220,319.0,255.2,0.7999999999999999,20.0,-268.4657339564405,10.54527382833176,41.6157794622886
129,CAP30_POSTPV_0221,300.0,240.0,0.8,-20.0,-214.8563105947515,10.778780640857365,41.733744926572825
130,CAP30_POSTPV_0222,506.25299999999993,455.6277,0.9000000000000001,-15.0,-338.5703645063415,10.819072980618222,41.15078287514897
131,CAP30_POSTPV_0224,462.55,416.295,0.9,20.0,-87.01845488610851,11.448748669051769,41.82128283651187
132,CAP30_POSTPV_0226,414.0,414.0,1.0,-90.0,-157.1230854360095,11.381026744266665,41.67808617868612
133,CAP30_POSTPV_0227,414.0,248.39999999999995,0.5999999999999999,-5.0,-256.0943285652815,11.044529034963618,41.29474589858237
134,CAP30_POSTPV_0229,360.0,360.0,1.0,50.0,-297.3323465358115,10.280344100908236,41.43932218144256
135,CAP30_POSTPV_0230,414.0,414.0,1.0,-90.0,-371.5607788827655,10.288451126547823,41.17295823547675
136,CAP30_POSTPV_0231,414.0,414.0,1.0,-90.0,-392.1797878680305,9.870714655634742,40.88769670301793
137,CAP30_POSTPV_0232,448.5,313.94999999999993,0.6999999999999998,50.0,-276.7133375505465,10.50150962913598,41.58794035900558
138,CAP30_POSTPV_0235,360.0,360.0,1.0,-90.0,-309.70375192697054,10.977976850149163,41.17076639783747
139,CAP30_POSTPV_0236,414.0,414.0,1.0,-90.0,-128.2564728566385,10.939286281947124,41.751977592490846
140,CAP30_POSTPV_0237,382.8,344.52000000000004,0.9,45.0,-383.93218427392446,10.73783190297772,41.049320582584144
141,CAP30_POSTPV_0239,366.85,256.795,0.7,35.0,-58.15184230673751,11.215511421035544,41.79007616089369
142,CAP30_POSTPV_0242,420.0,420.0,1.0,-90.0,-359.1893734916065,10.017870100816866,41.08920902140946
143,CAP30_POSTPV_0243,360.0,360.0,1.0,-90.0,-441.6654094326665,10.484861328452446,40.6591472750402
144,CAP30_POSTPV_0246,420.0,378.0,0.9,45.0,-115.8850674654795,11.397625601482234,42.2167937539984
145,CAP30_POSTPV_0247,483.0,483.0,1.0,-90.0,-161.2468872330625,11.135686175201634,42.11988547872996
146,CAP30_POSTPV_0250,483.0,483.0,1.0,-90.0,-115.8850674654795,11.124123338999407,41.96435764724966
147,CAP30_POSTPV_0251,572.2860000000001,572.2860000000001,1.0,-55.0,-367.4369770857125,10.796965752753064,41.058722691522135
148,CAP30_POSTPV_0252,504.0,504.0,1.0,-90.0,-441.6654094326665,9.931365612820242,40.869914873455336
149,CAP30_POSTPV_0253,435.0,261.0,0.6,-90.0,-487.0272292002495,10.161954888179398,40.4871401461918
150,CAP30_POSTPV_0256,600.0,600.0,1.0,0.0,-223.10391418885752,11.181348645497016,41.41868587661854
151,CAP30_POSTPV_0257,700.3499999999999,700.3499999999999,1.0,-90.0,-540.6366525619385,9.847979177026692,40.44609876524485
152,CAP30_POSTPV_0259,600.0,600.0,1.0,-90.0,-297.3323465358115,10.334706316266775,41.42505455750646
153,CAP30_POSTPV_0260,522.0,417.6,0.8,-90.0,-346.8179681004475,10.322918420393114,41.27987799216372
154,CAP30_POSTPV_0265,690.0,414.0,0.6,30.0,-165.3706890301155,10.968817279652272,41.77816042431232
155,CAP30_POSTPV_0266,730.8,511.56,0.7000000000000001,45.0,-70.5232476978965,11.660283731829168,42.10057635263299
156,CAP30_POSTPV_0269,720.0,504.0,0.7,20.0,-251.97052676822847,10.627526474310269,41.66779467368298
157,CAP30_POSTPV_0271,462.55,462.55,1.0,-90.0,-78.7708512920025,11.193317067199445,41.90407183279341
158,CAP30_POSTPV_0274,720.0,720.0,1.0,-90.0,-355.0655716945535,10.188198434733994,41.107569142849535
159,CAP30_POSTPV_0277,345.0,310.5,0.9,70.0,-305.5799501299175,10.896416721648023,41.1687225608693
160,CAP30_POSTPV_0278,550.275,275.1375,0.5,20.0,-416.9225986503485,10.316779476211527,41.15569075615859
161,CAP30_POSTPV_0281,303.6,303.6,1.0,-45.0,-544.7604543589915,10.203488360712948,40.78095665187802
162,CAP30_POSTPV_0283,522.0,522.0,1.0,85.0,-74.6470494949495,11.068220336944774,41.613147159484406
163,CAP30_POSTPV_0284,690.0,621.0,0.9,15.0,-458.1606166208785,10.280311030778371,40.575128864384354
164,CAP30_POSTPV_0285,600.0,360.0,0.6,50.0,-190.1134998124335,11.069776740110925,42.05872492487846
165,CAP30_POSTPV_0287,695.5199999999999,695.5199999999999,1.0,-90.0,-557.1318597501505,10.141887734632416,40.73220655011287
166,CAP30_POSTPV_0290,600.0,420.0,0.7,85.0,-557.1318597501505,10.021859249593575,40.56322707402042
167,CAP30_POSTPV_0293,435.0,391.5,0.9,75.0,-115.8850674654795,11.497773340990545,42.34741864088799
168,CAP30_POSTPV_0294,420.0,420.0,1.0,-90.0,-520.0176435766735,9.727819409209582,40.53975216803085
169,CAP30_POSTPV_0295,483.0,483.0,1.0,-90.0,-185.9896980153805,10.78240994094348,41.67249013980957
170,CAP30_POSTPV_0299,504.0,352.79999999999995,0.7,70.0,-375.6845806798185,10.707941103023392,40.89085603283814
171,CAP30_POSTPV_0301,517.5,414.0,0.8,-90.0,-124.1326710595855,11.61638576037689,41.91576874820924
172,CAP30_POSTPV_0307,496.8,496.8,1.0,-90.0,-185.9896980153805,11.083054113880184,42.05798595922573
173,CAP30_POSTPV_0308,390.0,390.0,1.0,-90.0,-152.9992836389565,11.10357508350941,41.99263005962288
174,CAP30_POSTPV_0309,531.9325,372.35275,0.7000000000000001,-45.0,-111.76126566842647,11.104139467401204,41.90803771597545
175,CAP30_POSTPV_0311,522.0,522.0,1.0,-90.0,-577.7508687354155,10.067957948358554,40.71905388586585
176,CAP30_POSTPV_0313,435.0,435.0,1.0,-90.0,-334.4465627092885,10.437488328699216,41.33337456730254
177,CAP30_POSTPV_0314,468.0,421.2,0.9,-75.0,-239.5991213770695,10.730628573163996,41.806832214810434
178,CAP30_POSTPV_0320,360.0,360.0,1.0,-90.0,-441.6654094326665,10.345364715158697,40.65590186823959
179,CAP30_POSTPV_0321,319.0,287.1,0.9,-10.0,-379.80838247687154,10.61519950253459,40.85291969999784
180,CAP30_POSTPV_0325,264.0,184.8,0.7000000000000001,20.0,-388.0559860709775,10.70890971885851,41.02780231682723
181,CAP30_POSTPV_0329,497.64,447.876,0.9,0.0,-223.10391418885752,10.8156061427453,41.812462509213226
182,CAP30_POSTPV_0331,316.8,221.76,0.7,60.0,-289.0847429417055,10.96521049921034,41.20565945454842
183,CAP30_POSTPV_0332,264.0,184.8,0.7000000000000001,15.0,-449.9130130267725,10.559896860605493,40.96759747933764
184,CAP30_POSTPV_0339,253.0,227.7,0.8999999999999999,-45.0,-569.5032651413095,10.119621597251442,40.65612128656917
185,CAP30_POSTPV_0340,345.0,310.5,0.9,85.0,-120.0088692625325,11.289847907474655,41.65248391426113
186,CAP30_POSTPV_0341,220.0,198.0,0.9,40.0,-553.0080579530975,9.922700845304794,40.504268771450256
187,CAP30_POSTPV_0343,286.0,257.40000000000003,0.9000000000000001,25.0,-185.9896980153805,11.184113568765916,41.44103556101715
188,CAP30_POSTPV_0346,366.85,330.165,0.9,45.0,-152.9992836389565,11.004129096502906,41.80043115145343
189,CAP30_POSTPV_0348,264.0,264.0,1.0,-45.0,-227.2277159859105,10.773751393881629,41.86500459951415
190,CAP30_POSTPV_0349,264.0,264.0,1.0,-10.0,-478.7796256061435,10.29513683940545,40.63546276713032
191,CAP30_POSTPV_0350,264.0,264.0,1.0,-45.0,-375.6845806798185,10.647657243861726,40.929742019805296
192,CAP30_POSTPV_0351,366.85,366.85,1.0,10.0,-136.5040764507445,11.129713900411613,41.98919982632469
193,CAP30_POSTPV_0352,300.0,300.0,1.0,10.0,-260.21813036233453,11.048357072619291,41.31820635741432
194,CAP30_POSTPV_0353,366.85,366.85,1.0,-90.0,-375.6845806798185,10.63150047910878,40.90417962309411
195,CAP30_POSTPV_0354,421.8775,379.68975,0.9,10.0,-124.1326710595855,11.077427379184831,41.81298568248403
196,CAP30_POSTPV_0355,300.0,300.0,1.0,5.0,-120.0088692625325,11.236248505538708,42.077644271415046
197,CAP30_POSTPV_0356,303.6,303.6,1.0,-45.0,-441.6654094326665,10.462730649080878,40.76216729100136
198,CAP30_POSTPV_0357,360.0,360.0,1.0,15.0,-173.6182926242215,10.931326466294315,41.81227516164788
199,CAP30_POSTPV_0358,264.0,264.0,1.0,-50.0,-503.52243638846153,9.786069350251193,40.68010283435608
200,CAP30_POSTPV_0359,303.6,273.23999999999995,0.8999999999999998,65.0,-367.4369770857125,10.30011652889354,41.19744242064299
201,CAP30_POSTPV_0361,303.6,273.23999999999995,0.8999999999999998,45.0,-396.3035896650835,10.09028461831419,41.04974302377511
202,CAP30_POSTPV_0362,264.0,264.0,1.0,-45.0,-148.87548184190348,11.507196155094196,41.74254506600336
203,CAP30_POSTPV_0363,319.0,287.1,0.9,50.0,-565.3794633442565,10.134693991127044,40.71550450100736
204,CAP30_POSTPV_0365,303.6,303.6,1.0,-45.0,-449.9130130267725,10.549464152427593,40.94230749143238
205,CAP30_POSTPV_0366,360.0,360.0,1.0,-90.0,-540.6366525619385,9.759902027693084,40.45333690572192
206,CAP30_POSTPV_0367,366.85,330.165,0.9,65.0,-536.5128507648855,9.86987671884648,40.32595993506031
207,CAP30_POSTPV_0369,414.0,414.0,1.0,-90.0,-115.8850674654795,11.076294485428113,41.84104666811648
208,CAP30_POSTPV_0370,366.85,330.165,0.9,-50.0,-466.40822021498445,10.338087185174476,40.54128796354155
209,CAP30_POSTPV_0371,396.75,396.75,1.0,-90.0,-293.2085447387585,10.595330798754842,41.421521191458616
210,CAP30_POSTPV_0373,414.0,372.6,0.9,-90.0,-305.5799501299175,10.291016473560472,41.359774575438365
211,CAP30_POSTPV_0374,506.25299999999993,455.6277,0.9000000000000001,-20.0,-346.8179681004475,10.741508907467686,41.04195766203405
212,CAP30_POSTPV_0375,345.0,345.0,1.0,-90.0,-140.6278782477975,11.118668183993968,41.93131974258305
213,CAP30_POSTPV_0377,366.85,330.165,0.9,-45.0,-111.76126566842647,11.29660554600082,42.107487031189926
214,CAP30_POSTPV_0378,319.0,255.2,0.7999999999999999,35.0,-165.3706890301155,10.997932356396214,41.82864387760382
215,CAP30_POSTPV_0383,421.8775,295.31425,0.7000000000000001,45.0,-210.73250879769853,10.889532364272256,41.79582753606242
216,CAP30_POSTPV_0385,421.8775,379.68975,0.9,40.0,-507.64623818551456,10.012791058417353,40.4464936309
217,CAP30_POSTPV_0387,366.85,256.795,0.7,5.0,-507.64623818551456,9.983558106359784,40.43187134167651
218,CAP30_POSTPV_0388,414.0,414.0,1.0,-90.0,-115.8850674654795,10.928672473231202,41.70241519096061
219,CAP30_POSTPV_0389,364.32,255.024,0.7000000000000001,55.0,-421.0464004474015,10.23869838387358,41.0816640369454
220,CAP30_POSTPV_0390,440.22,396.198,0.8999999999999999,-90.0,-256.0943285652815,10.610619695548223,41.656951525840775
221,CAP30_POSTPV_0391,483.0,483.0,1.0,-90.0,-478.7796256061435,10.458345272123337,40.9188303414434
222,CAP30_POSTPV_0393,462.55,462.55,1.0,-90.0,-128.2564728566385,11.08662866324909,41.8835142480209
223,CAP30_POSTPV_0396,414.0,414.0,1.0,-90.0,-487.0272292002495,10.188600333077888,40.51420632549935
224,CAP30_POSTPV_0397,609.0,609.0,1.0,-90.0,-74.6470494949495,11.234659046301656,41.89388356087775
225,CAP30_POSTPV_0398,366.85,220.11,0.6,75.0,-445.7892112297195,10.331693768295818,40.575299064901046
226,CAP30_POSTPV_0400,360.0,324.0,0.9,-85.0,-260.21813036233453,10.683305451143584,41.61614100220185
227,CAP30_POSTPV_0403,360.0,360.0,1.0,-90.0,-478.7796256061435,9.391459201153063,40.33195220765328
228,CAP30_POSTPV_0406,435.0,435.0,1.0,-90.0,-524.1414453737265,10.009541075056084,40.42480484588263
229,CAP30_POSTPV_0407,414.0,248.39999999999995,0.5999999999999999,25.0,-326.1989591151825,10.839703082697207,41.138673635938005
230,CAP30_POSTPV_0410,531.9325,531.9325,1.0,-90.0,-305.5799501299175,10.381878956329878,41.35879805712169
231,CAP30_POSTPV_0412,497.64,248.82,0.5,15.0,-557.1318597501505,10.01473819027624,40.635275943032674
232,CAP30_POSTPV_0413,480.0,336.0,0.7,15.0,-54.0280405096845,11.103461405416004,41.60455304061855
233,CAP30_POSTPV_0414,435.0,391.5,0.9,-90.0,-289.0847429417055,10.556050580100653,41.428428674417056
234,CAP30_POSTPV_0415,678.6,678.6,1.0,-15.0,-536.5128507648855,9.826319380184406,40.44135386933997
235,CAP30_POSTPV_0417,601.315,601.315,1.0,-80.0,-202.4849052035925,10.813162830511551,41.70898906590744
236,CAP30_POSTPV_0418,440.22,352.176,0.7999999999999999,-45.0,-338.5703645063415,10.822680992148046,41.02438891184792
237,CAP30_POSTPV_0419,497.64,348.348,0.7000000000000001,-40.0,-293.2085447387585,10.465124214064453,41.47537567669281
238,CAP30_POSTPV_0426,600.3,480.24,0.8,-90.0,-235.4753195800165,10.740346710641507,41.84030178422383
239,CAP30_POSTPV_0427,609.0,365.4,0.6,35.0,-132.3802746536915,11.215730394544844,42.01842699937484
240,CAP30_POSTPV_0428,609.0,609.0,1.0,-90.0,-437.5416076356135,9.880001571789936,40.894568120947696
241,CAP30_POSTPV_0430,700.3499999999999,700.3499999999999,1.0,-90.0,-511.7700399825675,9.341316425381194,39.95653298505672
242,CAP30_POSTPV_0431,827.9999999999999,827.9999999999999,1.0,-90.0,-573.6270669383625,10.120003577000675,40.610980562545
243,CAP30_POSTPV_0434,600.0,420.0,0.7,45.0,-416.9225986503485,10.579598558405207,40.723582377354994
244,CAP30_POSTPV_0437,600.0,600.0,1.0,-90.0,-482.9034274031965,9.562212752302178,39.88085358506919
245,CAP30_POSTPV_0439,720.0,576.0,0.8,30.0,-95.2660584802145,11.008942599534318,41.6837463769626
246,CAP30_POSTPV_0442,622.05,311.025,0.5,-35.0,-301.4561483328645,10.914887475097276,41.22702079333365
247,CAP30_POSTPV_0443,722.0849999999999,722.0849999999999,1.0,-90.0,-520.0176435766735,9.87767471515115,40.42033654316257
248,CAP30_POSTPV_0445,440.22,352.176,0.7999999999999999,-90.0,-235.4753195800165,11.161920972601449,41.37098891203231
249,CAP30_POSTPV_0446,319.0,223.3,0.7000000000000001,45.0,-251.97052676822847,11.072188723221313,41.37632406855085
250,CAP30_POSTPV_0447,420.0,420.0,1.0,-90.0,-359.1893734916065,10.754423439566276,41.06486741443799
251,CAP30_POSTPV_0448,648.0,583.2,0.9,-85.0,-74.6470494949495,11.240490795761652,41.83496264377433
252,CAP30_POSTPV_0449,609.0,365.4,0.6,40.0,-132.3802746536915,11.342878488168736,41.62108315965577
253,CAP30_POSTPV_0450,600.0,360.0,0.6,-90.0,-210.73250879769853,10.864585851782175,41.735588527463925
254,CAP30_POSTPV_0451,571.3199999999999,514.188,0.9000000000000001,-45.0,-445.7892112297195,10.41892351816871,40.71165502073825
255,CAP30_POSTPV_0454,420.0,420.0,1.0,-90.0,-540.6366525619385,10.276119415810404,40.84151876370255
256,CAP30_POSTPV_0455,579.5999999999999,463.68,0.8000000000000002,30.0,-326.1989591151825,10.877524501957508,41.20667246052
257,CAP30_POSTPV_0458,420.0,378.0,0.9,-90.0,-173.6182926242215,11.22890258737556,41.52347499806315
258,CAP30_POSTPV_0459,420.0,420.0,1.0,-90.0,-173.6182926242215,10.813558347824054,41.62773655888
259,CAP30_POSTPV_0462,483.0,483.0,1.0,-90.0,-330.3227609122355,10.212531610768115,41.28656313342154
260,CAP30_POSTPV_0463,600.0,600.0,1.0,65.0,-511.7700399825675,9.408963679406526,39.94439355340946
261,CAP30_POSTPV_0467,504.0,352.79999999999995,0.7,5.0,-280.83713934759953,10.516977975179216,41.56657450157481
262,CAP30_POSTPV_0469,478.5,478.5,1.0,-90.0,-334.4465627092885,10.910534934071624,41.14300122366748
263,CAP30_POSTPV_0470,504.0,453.6,0.9,-45.0,-264.3419321593875,10.466109297536212,41.62274091997721
264,CAP30_POSTPV_0473,336.0,336.0,1.0,-90.0,-161.2468872330625,11.05874692835548,41.96458522987482
265,CAP30_POSTPV_0477,496.8,447.12,0.9,-90.0,-136.5040764507445,11.291531171496148,42.12501578697258
266,CAP30_POSTPV_0478,500.25,500.25,1.0,-90.0,-524.1414453737265,10.051040349380369,40.454907925767706
267,CAP30_POSTPV_0479,462.55,416.295,0.9,-45.0,-128.2564728566385,11.095934639728524,41.93806920286919
268,CAP30_POSTPV_0484,420.0,336.0,0.8,75.0,-487.0272292002495,9.344675277817531,40.25583618799501
269,CAP30_POSTPV_0485,476.0999999999999,380.88,0.8000000000000002,40.0,-396.3035896650835,9.789414973425965,40.82625379345292
270,CAP30_POSTPV_0491,742.716,742.716,1.0,85.0,-487.0272292002495,9.831838387364874,40.69614882114106
271,CAP30_POSTPV_0499,396.0,237.6,0.6,15.0,-515.8938417796205,10.089811720428743,40.8368153886866
272,CAP30_POSTPV_0500,396.0,396.0,1.0,-45.0,-371.5607788827655,10.13794575331172,41.12109204629071
273,CAP30_POSTPV_0502,414.7,373.23,0.9,-15.0,-466.40822021498445,10.376138346066474,40.69196335038776
274,CAP30_POSTPV_0504,396.0,396.0,1.0,-10.0,-454.0368148238255,10.407656276164513,40.68926600034728
275,CAP30_POSTPV_0507,220.0,198.0,0.9,-50.0,-152.9992836389565,11.02269691385971,41.823713343714594
276,CAP30_POSTPV_0508,253.0,227.7,0.8999999999999999,50.0,-540.6366525619385,10.217619875910708,40.75379141792399
277,CAP30_POSTPV_0509,220.0,198.0,0.9,35.0,-223.10391418885752,10.717319307303452,41.64919268253316
278,CAP30_POSTPV_0510,303.6,303.6,1.0,45.0,-190.1134998124335,10.865823343152286,41.712391382864
279,CAP30_POSTPV_0511,264.0,264.0,1.0,-45.0,-120.0088692625325,11.24384954348406,42.04829921842972
280,CAP30_POSTPV_0512,253.0,202.4,0.8,50.0,-91.14225668316148,11.398010335394549,41.784101449272704
281,CAP30_POSTPV_0513,264.0,264.0,1.0,-45.0,-388.0559860709775,10.655182288386763,40.95682797694521
282,CAP30_POSTPV_0514,264.0,264.0,1.0,-45.0,-561.2556615472035,9.807067193201023,40.33618974495808
283,CAP30_POSTPV_0515,300.0,270.0,0.9,30.0,-553.0080579530975,10.164428142144544,40.82648288043407
284,CAP30_POSTPV_0516,483.0,338.1,0.7000000000000001,35.0,-202.4849052035925,11.155503529628614,41.43046066630779
285,CAP30_POSTPV_0517,253.0,227.7,0.8999999999999999,-15.0,-425.1702022444545,10.15887367520556,41.04035414444586
286,CAP30_POSTPV_0518,366.85,330.165,0.9,75.0,-276.7133375505465,10.990242366565637,41.26865190293442
287,CAP30_POSTPV_0519,319.0,319.0,1.0,-90.0,-214.8563105947515,10.732904162865434,41.61113095901193
288,CAP30_POSTPV_0522,264.0,264.0,1.0,-45.0,-223.10391418885752,10.871294718800783,41.73849474237699
289,CAP30_POSTPV_0523,303.6,303.6,1.0,-45.0,-532.3890489678325,9.989413583547758,40.35967428529307
290,CAP30_POSTPV_0526,345.0,310.5,0.9,-85.0,-524.1414453737265,9.997957021840584,40.39778740642782
291,CAP30_POSTPV_0527,648.0,388.8,0.6,-10.0,-293.2085447387585,10.92866749132231,41.15865885135261
292,CAP30_POSTPV_0528,345.0,241.5,0.7,85.0,-202.4849052035925,10.863467039662517,41.801704019525744
293,CAP30_POSTPV_0529,382.8,382.8,1.0,-90.0,-330.3227609122355,10.80491754600314,41.07593701953032
294,CAP30_POSTPV_0530,264.0,264.0,1.0,-50.0,-371.5607788827655,10.665108703581444,40.97252477030404
295,CAP30_POSTPV_0531,366.85,330.165,0.9,10.0,-247.84672497117552,11.118717850379875,41.38685360406208
296,CAP30_POSTPV_0532,300.0,300.0,1.0,-5.0,-74.6470494949495,11.337337476971411,42.0994882578471
297,CAP30_POSTPV_0533,319.0,191.4,0.6,45.0,-334.4465627092885,10.778856780083794,41.01818299309781
298,CAP30_POSTPV_0535,366.85,366.85,1.0,-45.0,-520.0176435766735,9.960662904626837,40.4228381912875
299,CAP30_POSTPV_0538,300.0,240.0,0.8,-5.0,-396.3035896650835,10.048301634599808,41.010628413136686
300,CAP30_POSTPV_0539,478.5,382.8,0.8,45.0,-161.2468872330625,11.31440471946348,41.61637960425871
301,CAP30_POSTPV_0540,319.0,255.2,0.7999999999999999,-35.0,-78.7708512920025,11.367783556500031,41.761919920978734
302,CAP30_POSTPV_0541,319.0,319.0,1.0,-60.0,-87.01845488610851,11.604554894145126,42.34940979059199
303,CAP30_POSTPV_0542,366.85,256.795,0.7,45.0,-214.8563105947515,10.88427201970982,41.66180418098145
304,CAP30_POSTPV_0543,414.0,372.6,0.9,-90.0,-190.1134998124335,11.216295123682595,41.54700635609089
305,CAP30_POSTPV_0545,440.22,396.198,0.8999999999999999,-90.0,-371.5607788827655,10.657966139910158,40.89474420635326
306,CAP30_POSTPV_0548,345.0,345.0,1.0,-10.0,-247.84672497117552,10.614582652191777,41.60264733471557
307,CAP30_POSTPV_0549,300.0,270.0,0.9,-25.0,-293.2085447387585,10.896768016558914,41.22024989242926
308,CAP30_POSTPV_0550,366.85,293.48,0.8,65.0,-503.52243638846153,10.044453195765495,40.47570710375336
309,CAP30_POSTPV_0553,360.0,324.0,0.9,-90.0,-247.84672497117552,10.62760942143634,41.57432069749432
310,CAP30_POSTPV_0555,360.0,324.0,0.9,-60.0,-470.5320220120375,10.310028564742703,40.525642426110906
311,CAP30_POSTPV_0556,440.22,440.22,1.0,-90.0,-297.3323465358115,10.478410808634177,41.436094213412574
312,CAP30_POSTPV_0558,319.0,287.1,0.9,85.0,-367.4369770857125,10.274906778331204,41.18485551469214
313,CAP30_POSTPV_0559,440.22,440.22,1.0,-90.0,-487.0272292002495,10.232114503952268,40.50938652028636
314,CAP30_POSTPV_0560,468.0,468.0,1.0,-90.0,-520.0176435766735,10.203089670188826,40.58260811302824
315,CAP30_POSTPV_0561,435.0,435.0,1.0,-90.0,-284.96094114465245,10.446262157183703,41.462838280457646
316,CAP30_POSTPV_0564,414.0,414.0,1.0,-90.0,-276.7133375505465,10.443179321071254,41.59366710478522
317,CAP30_POSTPV_0565,414.0,414.0,1.0,-90.0,-317.9513555210765,10.458222193703856,41.328417013041616
318,CAP30_POSTPV_0567,414.0,372.6,0.9,-90.0,-326.1989591151825,10.21504131767229,41.29740685169153
319,CAP30_POSTPV_0569,483.0,386.4,0.7999999999999999,45.0,-198.36110340653948,10.877649438154023,41.7472347086059
320,CAP30_POSTPV_0571,366.85,256.795,0.7,-55.0,-577.7508687354155,10.05865186206184,40.75372803588747
321,CAP30_POSTPV_0575,500.25,500.25,1.0,-90.0,-536.5128507648855,9.69813345400362,40.44545735185979
322,CAP30_POSTPV_0576,435.0,435.0,1.0,-90.0,-557.1318597501505,9.9975642033743,40.52544056174348
323,CAP30_POSTPV_0580,735.15,735.15,1.0,-90.0,-569.5032651413095,10.13445740283215,40.74411631178403
324,CAP30_POSTPV_0582,440.22,352.176,0.7999999999999999,-45.0,-54.0280405096845,11.252125466067552,41.864630995089264
325,CAP30_POSTPV_0583,432.0,345.6,0.8,65.0,-532.3890489678325,10.004702510846814,40.48825662960371
326,CAP30_POSTPV_0588,600.0,600.0,1.0,-90.0,-540.6366525619385,9.925810181182875,40.56846380370168
327,CAP30_POSTPV_0591,504.0,504.0,1.0,-90.0,-132.3802746536915,11.534227545237655,41.80166167064938
328,CAP30_POSTPV_0592,522.0,313.2,0.6,80.0,-293.2085447387585,10.335767653942378,41.468808326282826
329,CAP30_POSTPV_0594,600.0,600.0,1.0,-90.0,-536.5128507648855,9.890800969149096,40.39028509992224
330,CAP30_POSTPV_0595,695.5199999999999,417.3119999999999,0.6,15.0,-194.2373016094865,11.25402671165512,41.57460617227324
331,CAP30_POSTPV_0596,604.8,604.8,1.0,-90.0,-157.1230854360095,11.226530018094197,42.23229458788434
332,CAP30_POSTPV_0600,690.0,621.0,0.9,-85.0,-218.98011239180448,10.856946047027282,41.8017138364732
333,CAP30_POSTPV_0602,600.0,540.0,0.9,15.0,-326.1989591151825,10.196612365861574,41.33899784986863
334,CAP30_POSTPV_0604,690.0,690.0,1.0,-90.0,-524.1414453737265,10.151674267298368,40.49389892707561
335,CAP30_POSTPV_0605,864.0,864.0,1.0,-90.0,-210.73250879769853,10.852112286422557,41.87700253159705
336,CAP30_POSTPV_0606,550.275,385.1925,0.7000000000000001,-45.0,-305.5799501299175,10.909898111178771,41.22605839984065
337,CAP30_POSTPV_0609,660.33,660.33,1.0,-15.0,-309.70375192697054,10.411613987141507,41.372344374477706
338,CAP30_POSTPV_0611,420.0,420.0,1.0,-90.0,-350.9417698975005,10.112683993372318,41.16360939272115
339,CAP30_POSTPV_0613,435.0,261.0,0.6,65.0,-375.6845806798185,10.25744379852097,41.14590275585761
340,CAP30_POSTPV_0617,366.85,330.165,0.9,25.0,-581.8746705324686,10.10485107123834,40.58604140171881
341,CAP30_POSTPV_0618,780.0,780.0,1.0,-90.0,-198.36110340653948,10.933273104985169,41.97755940798552
342,CAP30_POSTPV_0619,347.75999999999993,278.208,0.8000000000000003,-90.0,-124.1326710595855,11.11717536590426,41.95896644110167
343,CAP30_POSTPV_0630,483.0,386.4,0.7999999999999999,30.0,-330.3227609122355,10.9019872618383,41.17940670282963
344,CAP30_POSTPV_0638,420.0,378.0,0.9,5.0,-433.41780583856047,9.95788456187959,40.91383822187687
345,CAP30_POSTPV_0640,483.0,434.69999999999993,0.8999999999999999,-90.0,-231.3515177829635,10.807550532243283,41.88733631217164
346,CAP30_POSTPV_0641,856.9799999999999,856.9799999999999,1.0,-90.0,-214.8563105947515,10.863874009807043,41.88059639217399
347,CAP30_POSTPV_0642,300.0,270.0,0.9,75.0,-243.7229231741225,10.72519054616053,41.75210982521928
348,CAP30_POSTPV_0644,414.0,372.6,0.9,-65.0,-231.3515177829635,11.03862307574982,41.39865398585011
349,CAP30_POSTPV_0645,435.0,261.0,0.6,15.0,-268.4657339564405,11.03073941414148,41.37853871341344
350,CAP30_POSTPV_0646,312.0,156.0,0.5,-15.0,-87.01845488610851,11.15775828668224,41.91561113014967
351,CAP30_POSTPV_0650,500.25,300.15,0.6,-45.0,-284.96094114465245,10.907483586787178,41.16772950715179
352,CAP30_POSTPV_0652,531.9325,319.1595,0.6,-30.0,-585.9984723295215,10.071182050638797,40.70726479105674
353,CAP30_POSTPV_0654,303.6,303.6,1.0,-45.0,-346.8179681004475,10.732232649277728,40.94626628516418
354,CAP30_POSTPV_0655,220.0,220.0,1.0,60.0,-301.4561483328645,10.917393288194768,41.20465457297726
355,CAP30_POSTPV_0657,319.0,287.1,0.9,-30.0,-190.1134998124335,11.054068790277595,42.05974788707012
356,CAP30_POSTPV_0660,348.0,278.40000000000003,0.8,-90.0,-449.9130130267725,9.986792975533197,40.87415416061284
357,CAP30_POSTPV_0666,343.2,205.92,0.6,0.0,-462.28441841793153,10.369369362578084,40.69013925346289
358,CAP30_POSTPV_0668,366.85,220.11,0.6,20.0,-165.3706890301155,11.007422142831729,41.899316752147335
359,CAP30_POSTPV_0677,901.9725,450.98625,0.5,-30.0,-54.0280405096845,11.386131572376492,42.02586328396226
360,CAP30_POSTPV_0678,253.0,227.7,0.8999999999999999,55.0,-404.5511932591895,10.548559287185212,40.84605423401776
361,CAP30_POSTPV_0681,253.0,227.7,0.8999999999999999,80.0,-482.9034274031965,9.310214321074364,40.24959019076703
362,CAP30_POSTPV_0683,513.084,307.8504,0.6,45.0,-433.41780583856047,10.442207441630623,40.75823665702593
363,CAP30_POSTPV_0684,345.0,345.0,1.0,-90.0,-293.2085447387585,10.958984504597328,41.26178581143458
364,CAP30_POSTPV_0685,303.6,273.23999999999995,0.8999999999999998,45.0,-458.1606166208785,9.43713053140976,40.41456318797326
365,CAP30_POSTPV_0686,286.0,257.40000000000003,0.9000000000000001,-5.0,-206.6087070006455,10.788870676581755,41.64331717711722
366,CAP30_POSTPV_0687,303.6,273.23999999999995,0.8999999999999998,45.0,-136.5040764507445,11.054043490768729,41.79736684364545
367,CAP30_POSTPV_0688,414.7,373.23,0.9,60.0,-544.7604543589915,10.142032410999558,40.57941771477392
368,CAP30_POSTPV_0689,303.6,303.6,1.0,45.0,-342.6941663033945,10.77641641726676,40.9841567920955
369,CAP30_POSTPV_0690,345.0,241.5,0.7,55.0,-239.5991213770695,11.087453601708134,41.33057699045183
370,CAP30_POSTPV_0691,253.0,227.7,0.8999999999999999,85.0,-458.1606166208785,10.539366353224995,40.93548948681386
371,CAP30_POSTPV_0692,264.0,264.0,1.0,-40.0,-198.36110340653948,10.840993268604194,41.75409546700504
372,CAP30_POSTPV_0694,300.0,270.0,0.9,0.0,-227.2277159859105,10.757913433176537,41.71431484126182
373,CAP30_POSTPV_0695,319.0,319.0,1.0,-90.0,-95.2660584802145,11.132010553829708,41.89043295374798
374,CAP30_POSTPV_0696,264.0,211.2,0.7999999999999999,5.0,-425.1702022444545,9.974599157166594,40.91491498291339
375,CAP30_POSTPV_0697,264.0,264.0,1.0,45.0,-470.5320220120375,10.50722884610112,40.92197186155202
376,CAP30_POSTPV_0698,300.0,240.0,0.8,50.0,-177.74209442127452,10.903744422669492,41.75691115592619
377,CAP30_POSTPV_0700,366.85,330.165,0.9,50.0,-301.4561483328645,10.381101467987884,41.32712913226238
378,CAP30_POSTPV_0701,264.0,264.0,1.0,-45.0,-322.0751573181295,10.83970964377914,41.14145141634975
379,CAP30_POSTPV_0702,264.0,211.2,0.7999999999999999,40.0,-185.9896980153805,10.90257976142782,41.797748410719294
380,CAP30_POSTPV_0703,414.0,372.6,0.9,-70.0,-157.1230854360095,10.971833012453915,41.82773879275063
381,CAP30_POSTPV_0704,366.85,293.48,0.8,-15.0,-272.58953575349346,10.51600415096487,41.51296127666394
382,CAP30_POSTPV_0705,345.0,345.0,1.0,15.0,-359.1893734916065,10.755668923932278,41.02403299346727
383,CAP30_POSTPV_0708,264.0,264.0,1.0,-90.0,-371.5607788827655,10.333304402013733,41.2044927433085
384,CAP30_POSTPV_0709,300.0,270.0,0.9,-90.0,-144.7516800448505,11.309696246729128,41.55223571146232
385,CAP30_POSTPV_0710,303.6,212.51999999999995,0.6999999999999998,30.0,-194.2373016094865,11.031633049299524,42.02786893125873
386,CAP30_POSTPV_0712,366.85,256.795,0.7,45.0,-247.84672497117552,11.067321990662906,41.39856273879287
387,CAP30_POSTPV_0713,366.85,293.48,0.8,20.0,-218.98011239180448,10.891525727471192,41.72068216810016
388,CAP30_POSTPV_0714,300.0,210.0,0.7,30.0,-495.2748327943555,10.27842808928068,40.67429621032629
389,CAP30_POSTPV_0715,366.85,293.48,0.8,5.0,-359.1893734916065,10.839429955789589,40.94422762375559
390,CAP30_POSTPV_0716,366.85,330.165,0.9,60.0,-503.52243638846153,10.36223874346156,40.64956134688092
391,CAP30_POSTPV_0718,364.32,364.32,1.0,-45.0,-528.2652471707795,10.19795798657999,40.58411429470693
392,CAP30_POSTPV_0719,345.0,310.5,0.9,-40.0,-346.8179681004475,10.313164358102911,41.33748647671581
393,CAP30_POSTPV_0720,310.06800000000004,248.05440000000004,0.8,0.0,-371.5607788827655,10.67320845835321,40.93933093000411
394,CAP30_POSTPV_0721,550.275,550.275,1.0,-45.0,-392.1797878680305,10.556340251907626,40.81008987462813
395,CAP30_POSTPV_0722,300.0,300.0,1.0,75.0,-363.3131752886595,10.207036306517953,41.15334401706198
396,CAP30_POSTPV_0724,414.7,331.76,0.8,-55.0,-58.15184230673751,11.374556632216912,41.90675281709613
397,CAP30_POSTPV_0729,414.0,414.0,1.0,-90.0,-305.5799501299175,10.976771437438668,41.23146428647164
398,CAP30_POSTPV_0731,360.0,324.0,0.9,-90.0,-157.1230854360095,11.24253172183361,42.1962417208719
399,CAP30_POSTPV_0732,360.0,360.0,1.0,-90.0,-66.3994459008435,11.330856900033236,41.84866464353426
400,CAP30_POSTPV_0733,440.22,440.22,1.0,-90.0,-181.86589621832752,11.27157063498026,41.50284973032587
401,CAP30_POSTPV_0734,319.0,287.1,0.9,-50.0,-309.70375192697054,10.950730624485276,41.14041553629776
402,CAP30_POSTPV_0735,319.0,287.1,0.9,65.0,-342.6941663033945,10.346739972302457,41.35508960590169
403,CAP30_POSTPV_0736,500.25,300.15,0.6,30.0,-144.7516800448505,11.032001829364155,41.88980112457212
404,CAP30_POSTPV_0737,360.0,324.0,0.9,85.0,-342.6941663033945,10.370281813333104,41.269599833057406
405,CAP30_POSTPV_0738,485.1591249999999,485.1591249999999,1.0,-90.0,-573.6270669383625,10.14469693562074,40.61179429376865
406,CAP30_POSTPV_0739,468.0,421.2,0.9,-5.0,-227.2277159859105,10.739574853219018,41.80974514882293
407,CAP30_POSTPV_0740,497.64,447.876,0.9,25.0,-210.73250879769853,10.749517081077016,41.690846913625855
408,CAP30_POSTPV_0741,360.0,324.0,0.9,-90.0,-363.3131752886595,10.23932951945933,41.17875138143276
409,CAP30_POSTPV_0743,420.0,420.0,1.0,-90.0,-148.87548184190348,11.294284338867197,42.25529939845719
410,CAP30_POSTPV_0746,483.0,483.0,1.0,-90.0,-540.6366525619385,9.984330167595845,40.48035473750087
411,CAP30_POSTPV_0750,497.64,298.584,0.6,-70.0,-350.9417698975005,10.1117579790968,41.12179823200908
412,CAP30_POSTPV_0752,420.0,420.0,1.0,-90.0,-491.15103099730254,10.06786861675362,40.43124706033224
413,CAP30_POSTPV_0753,483.0,483.0,1.0,-90.0,-359.1893734916065,10.7812816748151,40.9141516768359
414,CAP30_POSTPV_0754,652.5,652.5,1.0,-45.0,-379.80838247687154,10.611494815987426,40.88208478880222
415,CAP30_POSTPV_0756,579.5999999999999,579.5999999999999,1.0,-90.0,-359.1893734916065,10.17573411472521,41.19348866563676
416,CAP30_POSTPV_0759,600.3,300.15,0.5,65.0,-74.6470494949495,11.578693439955485,41.98343297261272
417,CAP30_POSTPV_0760,504.0,504.0,1.0,-90.0,-284.96094114465245,10.43362180484213,41.3766998016529
418,CAP30_POSTPV_0764,504.0,453.6,0.9,-90.0,-322.0751573181295,10.33016163408334,41.30740067351435
419,CAP30_POSTPV_0766,666.5399999999998,666.5399999999998,1.0,-90.0,-227.2277159859105,10.717569496531585,41.775446425128045
420,CAP30_POSTPV_0768,609.0,609.0,1.0,-90.0,-334.4465627092885,10.261776903049729,41.18897486117243
421,CAP30_POSTPV_0770,600.0,600.0,1.0,-90.0,-190.1134998124335,10.999215429716534,42.089216822566485
422,CAP30_POSTPV_0771,730.8,730.8,1.0,-90.0,-416.9225986503485,10.456461989640342,40.71868075902546
423,CAP30_POSTPV_0774,827.9999999999999,827.9999999999999,1.0,-90.0,-132.3802746536915,11.2466595059383,42.15441033338536
424,CAP30_POSTPV_0775,720.0,720.0,1.0,-90.0,-272.58953575349346,10.954284896815173,41.33179721666427
425,CAP30_POSTPV_0778,720.0,576.0,0.8,-75.0,-247.84672497117552,11.268817896991717,41.464945829414006
426,CAP30_POSTPV_0779,904.8,542.88,0.6,25.0,-247.84672497117552,11.06172545217406,41.3594139819492
427,CAP30_POSTPV_0783,435.0,348.0,0.8,75.0,-536.5128507648855,9.941430116118855,40.47911117211647
428,CAP30_POSTPV_0785,319.0,223.3,0.7000000000000001,50.0,-264.3419321593875,10.619707896223897,41.677374134110174
429,CAP30_POSTPV_0787,319.0,287.1,0.9,45.0,-540.6366525619385,10.315909660175976,40.85040381109234
430,CAP30_POSTPV_0788,421.8775,379.68975,0.9,-50.0,-478.7796256061435,9.32885468398706,40.27315356599514
431,CAP30_POSTPV_0789,220.0,198.0,0.9,-65.0,-330.3227609122355,10.869419041259103,41.14737993774356
432,CAP30_POSTPV_0793,360.0,360.0,1.0,75.0,-260.21813036233453,11.04298954722081,41.250028074750354
433,CAP30_POSTPV_0794,596.16,476.928,0.8,70.0,-181.86589621832752,10.858722440650713,41.83837963550353
434,CAP30_POSTPV_0795,604.8,423.36,0.7000000000000001,-80.0,-165.3706890301155,11.031153140888923,41.87091353087387
435,CAP30_POSTPV_0796,432.0,259.2,0.6,-85.0,-214.8563105947515,10.717174099975946,41.73002824633664
436,CAP30_POSTPV_0798,420.0,378.0,0.9,-45.0,-515.8938417796205,9.468308048005374,39.95963501802462
437,CAP30_POSTPV_0799,420.0,420.0,1.0,-90.0,-136.5040764507445,11.042136436393038,41.800320787284406
438,CAP30_POSTPV_0801,504.0,302.4,0.6,75.0,-251.97052676822847,10.61835344148984,41.54820431169272
439,CAP30_POSTPV_0805,483.0,434.69999999999993,0.8999999999999999,85.0,-264.3419321593875,10.560090741859549,41.54301738389141
440,CAP30_POSTPV_0806,360.0,324.0,0.9,-25.0,-256.0943285652815,11.10563983325862,41.36842940761472
441,CAP30_POSTPV_0807,576.0,403.2,0.7,-90.0,-148.87548184190348,11.340283145693151,42.2935307198563
442,CAP30_POSTPV_0808,300.0,300.0,1.0,-90.0,-223.10391418885752,10.702993143214918,41.59961151883599
443,CAP30_POSTPV_0809,420.0,420.0,1.0,-90.0,-140.6278782477975,11.26612655927772,42.19320998089369
444,CAP30_POSTPV_0810,819.0,491.4,0.6,30.0,-251.97052676822847,11.098002628515422,41.36067904745333
445,CAP30_POSTPV_0814,435.0,348.0,0.8,45.0,-256.0943285652815,10.64314425301404,41.66780131622426
446,CAP30_POSTPV_0816,579.5999999999999,579.5999999999999,1.0,-90.0,-326.1989591151825,10.236910052319985,41.23568725334725
447,CAP30_POSTPV_0818,360.0,324.0,0.9,-75.0,-243.7229231741225,10.627686644695052,41.6968232919242
448,CAP30_POSTPV_0820,462.55,370.04,0.8,15.0,-231.3515177829635,10.700397904286213,41.62016781620896
449,CAP30_POSTPV_0821,414.0,372.6,0.9,-45.0,-326.1989591151825,10.42417823629741,41.37765115482147
450,CAP30_POSTPV_0823,786.24,471.744,0.6,55.0,-62.275644103790505,11.3103071074344,41.88280720842271
451,CAP30_POSTPV_0825,343.2,308.88,0.9,-45.0,-194.2373016094865,10.900236289824354,41.82108721136576
452,CAP30_POSTPV_0829,345.0,345.0,1.0,-90.0,-355.0655716945535,10.315076648800094,41.22860270855509
453,CAP30_POSTPV_0833,303.6,303.6,1.0,-90.0,-276.7133375505465,10.603222782364794,41.47916622275984
454,CAP30_POSTPV_0835,414.0,331.2,0.7999999999999999,85.0,-408.67499505624255,9.788985206115225,40.74929922291036
455,CAP30_POSTPV_0836,264.0,237.6,0.9,-80.0,-157.1230854360095,10.940011633433503,41.74711470152991
456,CAP30_POSTPV_0837,319.0,223.3,0.7000000000000001,20.0,-190.1134998124335,11.0146899212236,42.00569368370501
457,CAP30_POSTPV_0838,396.0,316.8,0.8,-80.0,-276.7133375505465,11.007001916952897,41.29471768374193
458,CAP30_POSTPV_0840,253.0,177.09999999999997,0.6999999999999998,55.0,-111.76126566842647,11.153546028129828,41.875764038258325
459,CAP30_POSTPV_0842,648.0,453.6,0.7000000000000001,15.0,-91.14225668316148,11.296983075158511,41.73814552911118
460,CAP30_POSTPV_0846,394.68,276.27599999999995,0.6999999999999998,-45.0,-445.7892112297195,10.319791612312306,40.64526693648047
461,CAP30_POSTPV_0847,825.4124999999999,660.3299999999999,0.8,80.0,-441.6654094326665,10.54583001778151,40.92174721988168
462,CAP30_POSTPV_0850,253.0,227.7,0.8999999999999999,-45.0,-227.2277159859105,11.125138666790564,41.35085662100794
463,CAP30_POSTPV_0851,220.0,198.0,0.9,-40.0,-115.8850674654795,11.31858867332237,41.6639980234629
464,CAP30_POSTPV_0852,253.0,227.7,0.8999999999999999,40.0,-190.1134998124335,10.873909235103705,41.80460433973343
465,CAP30_POSTPV_0853,253.0,227.7,0.8999999999999999,20.0,-425.1702022444545,10.388800953069817,40.64546616751765
466,CAP30_POSTPV_0854,264.0,264.0,1.0,-45.0,-425.1702022444545,10.322062103006136,41.13445725132607
467,CAP30_POSTPV_0855,253.0,253.0,1.0,-75.0,-256.0943285652815,10.62230369421631,41.68515353893422
468,CAP30_POSTPV_0856,504.0,453.6,0.9,20.0,-177.74209442127452,11.265996981419624,41.604964700650456
469,CAP30_POSTPV_0857,345.0,310.5,0.9,-15.0,-70.5232476978965,11.30525286409238,42.03451581756034
470,CAP30_POSTPV_0858,264.0,264.0,1.0,45.0,-478.7796256061435,10.125270132634984,40.92060844881801
471,CAP30_POSTPV_0859,220.0,198.0,0.9,-40.0,-425.1702022444545,10.619117572478771,40.97542441544327
472,CAP30_POSTPV_0860,264.0,211.2,0.7999999999999999,50.0,-536.5128507648855,9.915664729786986,40.33697455002982
473,CAP30_POSTPV_0861,264.0,264.0,1.0,-45.0,-148.87548184190348,11.138347953469625,41.94207916938866
474,CAP30_POSTPV_0862,264.0,237.6,0.9,-30.0,-185.9896980153805,10.875005811880602,41.73459970970264
475,CAP30_POSTPV_0863,303.6,273.23999999999995,0.8999999999999998,-45.0,-284.96094114465245,10.5171358552483,41.57726934358584
476,CAP30_POSTPV_0865,448.5,224.25,0.5,30.0,-264.3419321593875,11.07829070258613,41.31408056753678
477,CAP30_POSTPV_0866,303.6,273.23999999999995,0.8999999999999998,5.0,-194.2373016094865,10.922307829077289,41.742013080192784
478,CAP30_POSTPV_0867,253.0,227.7,0.8999999999999999,45.0,-421.0464004474015,10.62424795404092,40.99778861792531
479,CAP30_POSTPV_0869,319.0,319.0,1.0,-90.0,-383.93218427392446,10.11695948159524,41.09598997899837
480,CAP30_POSTPV_0870,264.0,264.0,1.0,15.0,-379.80838247687154,10.647277982262144,40.95015890216023
481,CAP30_POSTPV_0872,462.55,416.295,0.9,75.0,-140.6278782477975,11.423274315335885,41.72949562121887
482,CAP30_POSTPV_0873,414.0,372.6,0.9,70.0,-144.7516800448505,11.235561035321355,41.54288862471778
483,CAP30_POSTPV_0874,319.0,287.1,0.9,30.0,-342.6941663033945,10.238621381679517,41.25555525091632
484,CAP30_POSTPV_0875,300.0,270.0,0.9,-90.0,-111.76126566842647,11.296160066695794,41.63203328080812
485,CAP30_POSTPV_0876,300.0,210.0,0.7,60.0,-66.3994459008435,11.479368789748182,41.93053334773057
486,CAP30_POSTPV_0877,255.2,229.68,0.9,-45.0,-124.1326710595855,11.17826042947698,42.032342583
487,CAP30_POSTPV_0878,390.0,390.0,1.0,0.0,-280.83713934759953,10.511149959112585,41.45559247888176
488,CAP30_POSTPV_0880,382.8,382.8,1.0,-90.0,-309.70375192697054,10.892648384405048,41.20220176428008
489,CAP30_POSTPV_0881,360.0,360.0,1.0,-90.0,-383.93218427392446,10.580844392205051,40.86442182360919
490,CAP30_POSTPV_0883,303.6,273.23999999999995,0.8999999999999998,-45.0,-416.9225986503485,10.577709724869871,40.87219691784799
491,CAP30_POSTPV_0884,366.85,330.165,0.9,10.0,-548.8842561560446,10.037372389217555,40.54720316770501
492,CAP30_POSTPV_0886,360.0,360.0,1.0,-90.0,-181.86589621832752,10.828877398541492,41.66466387131142
493,CAP30_POSTPV_0887,300.0,300.0,1.0,75.0,-309.70375192697054,10.450290571695824,41.37381808590196
494,CAP30_POSTPV_0888,366.85,366.85,1.0,-90.0,-202.4849052035925,10.91681094854366,41.76619178550848
495,CAP30_POSTPV_0889,319.0,191.4,0.6,-45.0,-136.5040764507445,11.264653073981036,41.600110114193846
496,CAP30_POSTPV_0890,324.0,291.6,0.9,-90.0,-553.0080579530975,10.10131328275331,40.55129781861032
497,CAP30_POSTPV_0891,323.785,291.4065,0.8999999999999999,-45.0,-235.4753195800165,11.077192042277414,41.3772794504566
498,CAP30_POSTPV_0892,366.85,330.165,0.9,-45.0,-111.76126566842647,11.376530158029665,41.72686596679113
499,CAP30_POSTPV_0894,366.85,220.11,0.6,40.0,-524.1414453737265,10.03238829650832,40.40187901024428
500,CAP30_POSTPV_0896,414.0,372.6,0.9,-90.0,-383.93218427392446,10.37452773632345,41.1926663521996
501,CAP30_POSTPV_0897,345.0,310.5,0.9,85.0,-338.5703645063415,10.768586629811985,41.04833008465059
502,CAP30_POSTPV_0898,440.22,440.22,1.0,0.0,-157.1230854360095,10.99517886569572,41.91421208662158
503,CAP30_POSTPV_0899,360.0,360.0,1.0,-90.0,-379.80838247687154,10.778631369429196,40.85970818217148
504,CAP30_POSTPV_0900,468.0,280.8,0.6,-90.0,-346.8179681004475,10.410812726624233,41.29886983796743
505,CAP30_POSTPV_0903,344.52000000000004,344.52000000000004,1.0,-45.0,-202.4849052035925,10.73920357312262,41.59154451286965
506,CAP30_POSTPV_0904,345.0,310.5,0.9,-50.0,-532.3890489678325,10.20890410380478,40.56221397680088
507,CAP30_POSTPV_0906,360.0,360.0,1.0,-90.0,-111.76126566842647,11.34000241524516,41.72193813849916
508,CAP30_POSTPV_0908,345.0,345.0,1.0,-90.0,-425.1702022444545,9.96738503327803,40.98681818103351
509,CAP30_POSTPV_0909,360.0,360.0,1.0,-90.0,-408.67499505624255,10.432247778154482,40.67696104534658
510,CAP30_POSTPV_0910,420.0,420.0,1.0,-90.0,-326.1989591151825,10.87079014083519,41.17557229405958
511,CAP30_POSTPV_0911,478.5,478.5,1.0,45.0,-371.5607788827655,10.715700313245156,40.982244650908704
512,CAP30_POSTPV_0912,414.0,372.6,0.9,-90.0,-190.1134998124335,10.768010946335025,41.6093055277953
513,CAP30_POSTPV_0913,360.0,324.0,0.9,-90.0,-445.7892112297195,9.868858045340032,40.82962394577132
514,CAP30_POSTPV_0917,435.0,304.5,0.7,45.0,-359.1893734916065,10.229947616716611,41.201076226356825
515,CAP30_POSTPV_0922,483.0,289.79999999999995,0.5999999999999999,70.0,-107.63746387137348,11.260862299383252,42.04738323680962
516,CAP30_POSTPV_0923,420.0,378.0,0.9,35.0,-408.67499505624255,10.332379183461466,41.13629481322028
517,CAP30_POSTPV_0924,483.0,434.69999999999993,0.8999999999999999,45.0,-346.8179681004475,10.34215721105308,41.24132520906388
518,CAP30_POSTPV_0926,500.25,350.17499999999995,0.7,70.0,-400.4273914621365,10.486928944514894,40.70276438805655
519,CAP30_POSTPV_0930,504.0,504.0,1.0,-90.0,-293.2085447387585,10.53169072277324,41.38950997749687
520,CAP30_POSTPV_0934,504.0,504.0,1.0,-90.0,-132.3802746536915,11.033541648853884,41.761594966342784
521,CAP30_POSTPV_0936,504.0,504.0,1.0,-90.0,-355.0655716945535,10.313765199491812,41.26443216652718
522,CAP30_POSTPV_0938,630.75,630.75,1.0,-90.0,-449.9130130267725,10.319834807869954,40.603875205247085
523,CAP30_POSTPV_0940,504.0,504.0,1.0,-90.0,-379.80838247687154,10.175294144725974,41.107651726701285
524,CAP30_POSTPV_0942,720.0,720.0,1.0,-90.0,-359.1893734916065,10.684056104215031,40.95016501794792
525,CAP30_POSTPV_0944,700.3499999999999,420.2099999999999,0.6,45.0,-495.2748327943555,9.819450779876885,40.67660951878946
526,CAP30_POSTPV_0945,690.0,690.0,1.0,-90.0,-214.8563105947515,10.85594863939642,41.91644385572593
527,CAP30_POSTPV_0947,720.0,720.0,1.0,-90.0,-301.4561483328645,10.499586437750684,41.35154626193452
528,CAP30_POSTPV_0956,220.0,198.0,0.9,-60.0,-511.7700399825675,10.115420676511608,40.84764021515044
529,CAP30_POSTPV_0958,827.9999999999999,827.9999999999999,1.0,-90.0,-342.6941663033945,10.82864042571082,41.13979907899068
530,CAP30_POSTPV_0959,690.0,690.0,1.0,-90.0,-520.0176435766735,10.2150176652283,40.57682389064379
531,CAP30_POSTPV_0961,548.1,493.29,0.9,-90.0,-293.2085447387585,10.92445301786834,41.16644550354499
532,CAP30_POSTPV_0966,420.0,420.0,1.0,-90.0,-136.5040764507445,11.205930096466597,42.054447202266125
533,CAP30_POSTPV_0967,483.0,483.0,1.0,-90.0,-458.1606166208785,10.361713868055707,40.68233968507627
534,CAP30_POSTPV_0968,420.0,420.0,1.0,-90.0,-198.36110340653948,10.913269390479828,41.86967613383684
535,CAP30_POSTPV_0969,483.0,483.0,1.0,-90.0,-214.8563105947515,10.770625778936118,41.61999826956926
536,CAP30_POSTPV_0971,496.8,496.8,1.0,-90.0,-260.21813036233453,10.664001027618989,41.56530501399819
537,CAP30_POSTPV_0974,531.9325,425.5460000000001,0.8000000000000002,-65.0,-561.2556615472035,10.100019520699306,40.69922056274304
538,CAP30_POSTPV_0975,418.968,377.0712,0.8999999999999999,-25.0,-334.4465627092885,10.80142216067332,41.18260770581516
539,CAP30_POSTPV_0980,432.0,302.4,0.7,80.0,-132.3802746536915,11.421708842655462,42.28763017075972
540,CAP30_POSTPV_0984,469.8,234.9,0.5,15.0,-190.1134998124335,10.859817094582562,41.76143008660267
541,CAP30_POSTPV_0985,420.0,420.0,1.0,-90.0,-359.1893734916065,10.038891726505362,41.05043855321391
542,CAP30_POSTPV_0993,360.0,324.0,0.9,10.0,-540.6366525619385,9.845835829764807,40.51539833218571
543,CAP30_POSTPV_0997,313.2,219.24,0.7000000000000001,-65.0,-305.5799501299175,10.459269110283923,41.39994718139541
544,CAP30_POSTPV_1000,319.0,287.1,0.9,-45.0,-132.3802746536915,11.049099832992464,41.87808154984689
545,CAP30_POSTPV_1001,291.6,291.6,1.0,65.0,-425.1702022444545,10.090048804497336,40.953488502483225
546,CAP30_POSTPV_1007,432.0,345.6,0.8,5.0,-95.2660584802145,11.020466187145866,41.64676808367307
547,CAP30_POSTPV_1011,506.25299999999993,506.25299999999993,1.0,-25.0,-322.0751573181295,10.353818409366744,41.382193638612215
548,CAP30_POSTPV_1012,264.0,211.2,0.7999999999999999,35.0,-264.3419321593875,10.561268915239909,41.606214054440265
549,CAP30_POSTPV_1013,440.22,396.198,0.8999999999999999,-55.0,-338.5703645063415,10.902892930742857,41.118849113429256
550,CAP30_POSTPV_1015,253.0,227.7,0.8999999999999999,-5.0,-334.4465627092885,10.278675560254827,41.26153637097495
551,CAP30_POSTPV_1016,303.6,182.16,0.6,-20.0,-301.4561483328645,10.467039223220604,41.40190650856181
552,CAP30_POSTPV_1021,414.7,290.29,0.7000000000000001,45.0,-470.5320220120375,10.137544879556108,40.9477518678129
553,CAP30_POSTPV_0027,414.7,290.29,0.7000000000000001,85.0,-58.15184230673751,11.307931141774349,41.906988661400575
554,CAP30_POSTPV_0051,264.0,264.0,1.0,-45.0,-54.0280405096845,11.34981113420161,41.89620102864996
555,CAP30_POSTPV_0058,303.6,273.23999999999995,0.8999999999999998,-90.0,-49.9042387126315,11.373511068506602,41.93092798233411
556,CAP30_POSTPV_0071,319.0,319.0,1.0,-90.0,-54.0280405096845,11.64469473355086,42.0477800449861
557,CAP30_POSTPV_0104,799.8479999999998,479.9087999999999,0.6,30.0,-45.780436915578505,11.641385632224637,42.10128795899642
558,CAP30_POSTPV_0204,303.6,273.23999999999995,0.8999999999999998,-15.0,-54.0280405096845,11.270787365146626,41.94718463094173
559,CAP30_POSTPV_0223,264.0,237.6,0.9,60.0,-54.0280405096845,11.594970747407874,42.24557295043138
560,CAP30_POSTPV_0225,345.0,310.5,0.9,85.0,-54.0280405096845,11.629103321974302,42.24433076745877
561,CAP30_POSTPV_0238,366.85,330.165,0.9,45.0,-49.9042387126315,11.32461274989421,42.04427376961238
562,CAP30_POSTPV_0248,440.22,440.22,1.0,-90.0,-45.780436915578505,11.680902433763954,42.23306679222764
563,CAP30_POSTPV_0262,483.0,483.0,1.0,-90.0,-54.0280405096845,11.273585327111697,42.00745434829039
564,CAP30_POSTPV_0272,870.0,870.0,1.0,-90.0,-58.15184230673751,11.336256847765512,41.95767217587103
565,CAP30_POSTPV_0289,504.0,504.0,1.0,-90.0,-62.275644103790505,11.358025367657683,41.94963125958154
566,CAP30_POSTPV_0305,453.6,408.24,0.9,-90.0,-62.275644103790505,11.363760497630956,41.99710311950856
567,CAP30_POSTPV_0306,504.0,504.0,1.0,-90.0,-49.9042387126315,11.447714309226976,41.9845004718614
568,CAP30_POSTPV_0420,440.22,440.22,1.0,-90.0,-49.9042387126315,11.55530540228898,42.199476272123846
569,CAP30_POSTPV_0424,420.0,420.0,1.0,-90.0,-54.0280405096845,11.673137475205948,42.12047200597849
570,CAP30_POSTPV_0440,720.0,720.0,1.0,-90.0,-54.0280405096845,11.800660335946707,42.331873805347456
571,CAP30_POSTPV_0503,700.3499999999999,490.2449999999999,0.7,-85.0,-45.780436915578505,11.666521881660588,42.18901251729557
572,CAP30_POSTPV_0506,600.0,420.0,0.7,-50.0,-41.6566351185255,11.35422928484131,41.99715810215148
573,CAP30_POSTPV_0546,303.6,303.6,1.0,-55.0,-58.15184230673751,11.336859657218149,41.92530454773653
574,CAP30_POSTPV_0552,522.0,365.4,0.7,-60.0,-54.0280405096845,11.353811706696508,41.99299336667805
575,CAP30_POSTPV_0557,319.0,255.2,0.7999999999999999,10.0,-58.15184230673751,11.516753924418383,42.1908657148304
576,CAP30_POSTPV_0562,319.0,319.0,1.0,30.0,-58.15184230673751,11.398060324450531,42.005788741055866
577,CAP30_POSTPV_0563,366.85,330.165,0.9,45.0,-41.6566351185255,11.656032968212443,42.18965555615812
578,CAP30_POSTPV_0584,360.0,324.0,0.9,-90.0,-45.780436915578505,11.598136936342009,42.192065761321125
579,CAP30_POSTPV_0603,609.0,365.4,0.6,-60.0,-49.9042387126315,11.27926502535484,41.91505554679916
580,CAP30_POSTPV_0669,827.9999999999999,579.5999999999999,0.7,15.0,-54.0280405096845,11.612523732761405,42.00956180947592
581,CAP30_POSTPV_0675,579.5999999999999,579.5999999999999,1.0,-90.0,-41.6566351185255,11.419048827667211,42.04274668173438
582,CAP30_POSTPV_0676,420.0,294.0,0.7,10.0,-41.6566351185255,11.337315178881164,42.00628253517427
583,CAP30_POSTPV_0726,264.0,184.8,0.7000000000000001,45.0,-45.780436915578505,11.356374662081532,42.04103977605474
584,CAP30_POSTPV_0755,360.0,360.0,1.0,-90.0,-41.6566351185255,11.454877139865484,41.97417450833373
585,CAP30_POSTPV_0762,504.0,504.0,1.0,-90.0,-54.0280405096845,11.70819313571587,42.04140740550928
586,CAP30_POSTPV_0765,462.55,231.275,0.5,45.0,-54.0280405096845,11.303787219955597,41.88381428620244
587,CAP30_POSTPV_0827,827.9999999999999,827.9999999999999,1.0,-90.0,-49.9042387126315,11.608549900726056,42.14767058492329
588,CAP30_POSTPV_0849,462.55,370.04,0.8,-30.0,-58.15184230673751,11.351659451368135,42.00161773210992
589,CAP30_POSTPV_0918,382.8,382.8,1.0,-90.0,-54.0280405096845,11.307476494503645,41.95602342080349
590,CAP30_POSTPV_0928,440.22,396.198,0.8999999999999999,35.0,-49.9042387126315,11.396740613068015,41.88772893233512
591,CAP30_POSTPV_0929,414.0,414.0,1.0,-90.0,-54.0280405096845,11.624207971992794,42.16754966076495
592,CAP30_POSTPV_0937,360.0,360.0,1.0,-90.0,-45.780436915578505,11.381677478582748,42.08006342527586
593,CAP30_POSTPV_0943,700.3499999999999,700.3499999999999,1.0,-90.0,-58.15184230673751,11.841480337394504,42.40566604134605
594,CAP30_POSTPV_1018,504.0,504.0,1.0,-90.0,-54.0280405096845,11.391422397936472,42.11487091554513
595,CAP30_POSTPV_1024,411.84,288.288,0.7000000000000001,40.0,-58.15184230673751,11.326874798332238,42.0830161759592
596,CAP30_POSTPV_1026,574.2,516.7800000000001,0.9000000000000001,10.0,-45.780436915578505,11.676507522335497,42.251857983568144
597,CAP30 source 779,360.0,342.0,0.95,-75.0,-243.7229231741225,10.627686644695052,41.6968232919242
598,CAP30 source 10321,300.0,210.0,0.7,30.0,-375.6845806798185,10.438698854543992,41.30671036417537
599,CAP30 source 6257,883.05,529.8299999999999,0.6,-90.0,-322.0751573181295,10.418330881115685,41.359165505995634
600,CAP30 source 137,300.0,270.0,0.9,45.0,-313.82755372402346,10.868084464937676,41.13182643618054
601,CAP30 source 6505,319.0,255.2,0.7999999999999999,0.0,-161.2468872330625,10.98078637712399,41.78882556166058
602,CAP30 source 7118,720.0,720.0,1.0,-90.0,-334.4465627092885,10.846382863805774,41.15519231489917
603,CAP30 source 1258,382.8,306.24,0.8,15.0,-144.7516800448505,11.013449611946491,41.801377505436925
604,CAP30 source 7157,870.0,870.0,1.0,-90.0,-289.0847429417055,10.959441277960838,41.238590164951226
605,CAP30 source 1091,720.0,576.0,0.8,15.0,-260.21813036233453,11.043432869976415,41.3307218442315
606,CAP30 source 2588,462.55,323.785,0.7000000000000001,45.0,-218.98011239180448,10.790267435274686,41.70178963625855
607,CAP30 source 12014,435.0,304.5,0.7,30.0,-227.2277159859105,10.794130263837529,41.67609091491242
608,CAP30 source 3574,432.0,259.2,0.6,0.0,-185.9896980153805,10.87620148032825,41.6986243412665
609,CAP30 source 44,264.0,211.2,0.7999999999999999,40.0,-190.1134998124335,10.895800071633206,41.7190077732562
610,CAP30 source 13580,432.0,259.2,0.6,60.0,-231.3515177829635,10.786749150397457,41.82915877920287
611,CAP30_POSTPV_0879,414.0,372.6,0.9,75.0,-544.7604543589915,10.16413032425155,40.86439990911963
612,CAP30_POSTPV_0382,366.85,220.11,0.6,45.0,-66.3994459008435,11.367223903887586,41.84929087733458
613,CAP30_POSTPV_0995,396.0,356.40000000000003,0.9000000000000001,-30.0,-136.5040764507445,11.063228024903848,41.83831186961
614,CAP30 source 14735,382.8,363.66,0.9500000000000001,-10.0,-165.3706890301155,11.32913537417964,41.62171576372951
615,CAP30 source 6469,462.55,277.53,0.6,50.0,-297.3323465358115,10.9242052763794,41.25005750063589
616,CAP30 source 9699,864.0,864.0,1.0,-90.0,-458.1606166208785,10.334183116525756,40.65850723428449
