bb86_hole_001_ppv_flythrough_dark_web.mp4	https://github.com/Croycosmos/m31-hi-holes-viewer/releases/download/ppv-bb86-v1/bb86_hole_001_ppv_flythrough_dark_web.mp4
bb86_hole_002_ppv_flythrough_dark_2dcg.mp4	https://github.com/Croycosmos/m31-hi-holes-viewer/releases/download/ppv-bb86-v1/bb86_hole_002_ppv_flythrough_dark_2dcg.mp4
bb86_hole_003_ppv_flythrough_dark_2dcg.mp4	https://github.com/Croycosmos/m31-hi-holes-viewer/releases/download/ppv-bb86-v1/bb86_hole_003_ppv_flythrough_dark_2dcg.mp4
bb86_hole_004_ppv_flythrough_dark_2dcg.mp4	https://github.com/Croycosmos/m31-hi-holes-viewer/releases/download/ppv-bb86-v1/bb86_hole_004_ppv_flythrough_dark_2dcg.mp4
bb86_hole_005_ppv_flythrough_dark_2dcg.mp4	https://github.com/Croycosmos/m31-hi-holes-viewer/releases/download/ppv-bb86-v1/bb86_hole_005_ppv_flythrough_dark_2dcg.mp4
bb86_hole_006_ppv_flythrough_dark_2dcg.mp4	https://github.com/Croycosmos/m31-hi-holes-viewer/releases/download/ppv-bb86-v1/bb86_hole_006_ppv_flythrough_dark_2dcg.mp4
bb86_hole_007_ppv_flythrough_dark_2dcg.mp4	https://github.com/Croycosmos/m31-hi-holes-viewer/releases/download/ppv-bb86-v1/bb86_hole_007_ppv_flythrough_dark_2dcg.mp4
bb86_hole_008_ppv_flythrough_dark_2dcg.mp4	https://github.com/Croycosmos/m31-hi-holes-viewer/releases/download/ppv-bb86-v1/bb86_hole_008_ppv_flythrough_dark_2dcg.mp4
bb86_hole_009_ppv_flythrough_dark_2dcg.mp4	https://github.com/Croycosmos/m31-hi-holes-viewer/releases/download/ppv-bb86-v1/bb86_hole_009_ppv_flythrough_dark_2dcg.mp4
bb86_hole_010_ppv_flythrough_dark_2dcg.mp4	https://github.com/Croycosmos/m31-hi-holes-viewer/releases/download/ppv-bb86-v1/bb86_hole_010_ppv_flythrough_dark_2dcg.mp4
bb86_hole_011_ppv_flythrough_dark_2dcg.mp4	https://github.com/Croycosmos/m31-hi-holes-viewer/releases/download/ppv-bb86-v1/bb86_hole_011_ppv_flythrough_dark_2dcg.mp4
bb86_hole_012_ppv_flythrough_dark_2dcg.mp4	https://github.com/Croycosmos/m31-hi-holes-viewer/releases/download/ppv-bb86-v1/bb86_hole_012_ppv_flythrough_dark_2dcg.mp4
bb86_hole_013_ppv_flythrough_dark_2dcg.mp4	https://github.com/Croycosmos/m31-hi-holes-viewer/releases/download/ppv-bb86-v1/bb86_hole_013_ppv_flythrough_dark_2dcg.mp4
bb86_hole_014_ppv_flythrough_dark_2dcg.mp4	https://github.com/Croycosmos/m31-hi-holes-viewer/releases/download/ppv-bb86-v1/bb86_hole_014_ppv_flythrough_dark_2dcg.mp4
bb86_hole_015_ppv_flythrough_dark_2dcg.mp4	https://github.com/Croycosmos/m31-hi-holes-viewer/releases/download/ppv-bb86-v1/bb86_hole_015_ppv_flythrough_dark_2dcg.mp4
bb86_hole_016_ppv_flythrough_dark_2dcg.mp4	https://github.com/Croycosmos/m31-hi-holes-viewer/releases/download/ppv-bb86-v1/bb86_hole_016_ppv_flythrough_dark_2dcg.mp4
bb86_hole_017_ppv_flythrough_dark_2dcg.mp4	https://github.com/Croycosmos/m31-hi-holes-viewer/releases/download/ppv-bb86-v1/bb86_hole_017_ppv_flythrough_dark_2dcg.mp4
bb86_hole_018_ppv_flythrough_dark_2dcg.mp4	https://github.com/Croycosmos/m31-hi-holes-viewer/releases/download/ppv-bb86-v1/bb86_hole_018_ppv_flythrough_dark_2dcg.mp4
bb86_hole_019_ppv_flythrough_dark_2dcg.mp4	https://github.com/Croycosmos/m31-hi-holes-viewer/releases/download/ppv-bb86-v1/bb86_hole_019_ppv_flythrough_dark_2dcg.mp4
bb86_hole_020_ppv_flythrough_dark_2dcg.mp4	https://github.com/Croycosmos/m31-hi-holes-viewer/releases/download/ppv-bb86-v1/bb86_hole_020_ppv_flythrough_dark_2dcg.mp4
bb86_hole_021_ppv_flythrough_dark_2dcg.mp4	https://github.com/Croycosmos/m31-hi-holes-viewer/releases/download/ppv-bb86-v1/bb86_hole_021_ppv_flythrough_dark_2dcg.mp4
bb86_hole_022_ppv_flythrough_dark_2dcg.mp4	https://github.com/Croycosmos/m31-hi-holes-viewer/releases/download/ppv-bb86-v1/bb86_hole_022_ppv_flythrough_dark_2dcg.mp4
bb86_hole_023_ppv_flythrough_dark_2dcg.mp4	https://github.com/Croycosmos/m31-hi-holes-viewer/releases/download/ppv-bb86-v1/bb86_hole_023_ppv_flythrough_dark_2dcg.mp4
bb86_hole_024_ppv_flythrough_dark_2dcg.mp4	https://github.com/Croycosmos/m31-hi-holes-viewer/releases/download/ppv-bb86-v1/bb86_hole_024_ppv_flythrough_dark_2dcg.mp4
bb86_hole_025_ppv_flythrough_dark_2dcg.mp4	https://github.com/Croycosmos/m31-hi-holes-viewer/releases/download/ppv-bb86-v1/bb86_hole_025_ppv_flythrough_dark_2dcg.mp4
bb86_hole_026_ppv_flythrough_dark_2dcg.mp4	https://github.com/Croycosmos/m31-hi-holes-viewer/releases/download/ppv-bb86-v1/bb86_hole_026_ppv_flythrough_dark_2dcg.mp4
bb86_hole_027_ppv_flythrough_dark_2dcg.mp4	https://github.com/Croycosmos/m31-hi-holes-viewer/releases/download/ppv-bb86-v1/bb86_hole_027_ppv_flythrough_dark_2dcg.mp4
bb86_hole_028_ppv_flythrough_dark_2dcg.mp4	https://github.com/Croycosmos/m31-hi-holes-viewer/releases/download/ppv-bb86-v1/bb86_hole_028_ppv_flythrough_dark_2dcg.mp4
bb86_hole_029_ppv_flythrough_dark_2dcg.mp4	https://github.com/Croycosmos/m31-hi-holes-viewer/releases/download/ppv-bb86-v1/bb86_hole_029_ppv_flythrough_dark_2dcg.mp4
bb86_hole_030_ppv_flythrough_dark_2dcg.mp4	https://github.com/Croycosmos/m31-hi-holes-viewer/releases/download/ppv-bb86-v1/bb86_hole_030_ppv_flythrough_dark_2dcg.mp4
bb86_hole_031_ppv_flythrough_dark_2dcg.mp4	https://github.com/Croycosmos/m31-hi-holes-viewer/releases/download/ppv-bb86-v1/bb86_hole_031_ppv_flythrough_dark_2dcg.mp4
bb86_hole_032_ppv_flythrough_dark_2dcg.mp4	https://github.com/Croycosmos/m31-hi-holes-viewer/releases/download/ppv-bb86-v1/bb86_hole_032_ppv_flythrough_dark_2dcg.mp4
bb86_hole_033_ppv_flythrough_dark_2dcg.mp4	https://github.com/Croycosmos/m31-hi-holes-viewer/releases/download/ppv-bb86-v1/bb86_hole_033_ppv_flythrough_dark_2dcg.mp4
bb86_hole_034_ppv_flythrough_dark_2dcg.mp4	https://github.com/Croycosmos/m31-hi-holes-viewer/releases/download/ppv-bb86-v1/bb86_hole_034_ppv_flythrough_dark_2dcg.mp4
bb86_hole_035_ppv_flythrough_dark_2dcg.mp4	https://github.com/Croycosmos/m31-hi-holes-viewer/releases/download/ppv-bb86-v1/bb86_hole_035_ppv_flythrough_dark_2dcg.mp4
bb86_hole_036_ppv_flythrough_dark_2dcg.mp4	https://github.com/Croycosmos/m31-hi-holes-viewer/releases/download/ppv-bb86-v1/bb86_hole_036_ppv_flythrough_dark_2dcg.mp4
bb86_hole_037_ppv_flythrough_dark_2dcg.mp4	https://github.com/Croycosmos/m31-hi-holes-viewer/releases/download/ppv-bb86-v1/bb86_hole_037_ppv_flythrough_dark_2dcg.mp4
bb86_hole_038_ppv_flythrough_dark_2dcg.mp4	https://github.com/Croycosmos/m31-hi-holes-viewer/releases/download/ppv-bb86-v1/bb86_hole_038_ppv_flythrough_dark_2dcg.mp4
bb86_hole_039_ppv_flythrough_dark_2dcg.mp4	https://github.com/Croycosmos/m31-hi-holes-viewer/releases/download/ppv-bb86-v1/bb86_hole_039_ppv_flythrough_dark_2dcg.mp4
bb86_hole_040_ppv_flythrough_dark_2dcg.mp4	https://github.com/Croycosmos/m31-hi-holes-viewer/releases/download/ppv-bb86-v1/bb86_hole_040_ppv_flythrough_dark_2dcg.mp4
bb86_hole_041_ppv_flythrough_dark_2dcg.mp4	https://github.com/Croycosmos/m31-hi-holes-viewer/releases/download/ppv-bb86-v1/bb86_hole_041_ppv_flythrough_dark_2dcg.mp4
bb86_hole_042_ppv_flythrough_dark_2dcg.mp4	https://github.com/Croycosmos/m31-hi-holes-viewer/releases/download/ppv-bb86-v1/bb86_hole_042_ppv_flythrough_dark_2dcg.mp4
bb86_hole_043_ppv_flythrough_dark_2dcg.mp4	https://github.com/Croycosmos/m31-hi-holes-viewer/releases/download/ppv-bb86-v1/bb86_hole_043_ppv_flythrough_dark_2dcg.mp4
bb86_hole_044_ppv_flythrough_dark_2dcg.mp4	https://github.com/Croycosmos/m31-hi-holes-viewer/releases/download/ppv-bb86-v1/bb86_hole_044_ppv_flythrough_dark_2dcg.mp4
bb86_hole_045_ppv_flythrough_dark_2dcg.mp4	https://github.com/Croycosmos/m31-hi-holes-viewer/releases/download/ppv-bb86-v1/bb86_hole_045_ppv_flythrough_dark_2dcg.mp4
bb86_hole_046_ppv_flythrough_dark_2dcg.mp4	https://github.com/Croycosmos/m31-hi-holes-viewer/releases/download/ppv-bb86-v1/bb86_hole_046_ppv_flythrough_dark_2dcg.mp4
bb86_hole_047_ppv_flythrough_dark_2dcg.mp4	https://github.com/Croycosmos/m31-hi-holes-viewer/releases/download/ppv-bb86-v1/bb86_hole_047_ppv_flythrough_dark_2dcg.mp4
bb86_hole_048_ppv_flythrough_dark_2dcg.mp4	https://github.com/Croycosmos/m31-hi-holes-viewer/releases/download/ppv-bb86-v1/bb86_hole_048_ppv_flythrough_dark_2dcg.mp4
bb86_hole_049_ppv_flythrough_dark_2dcg.mp4	https://github.com/Croycosmos/m31-hi-holes-viewer/releases/download/ppv-bb86-v1/bb86_hole_049_ppv_flythrough_dark_2dcg.mp4
bb86_hole_050_ppv_flythrough_dark_2dcg.mp4	https://github.com/Croycosmos/m31-hi-holes-viewer/releases/download/ppv-bb86-v1/bb86_hole_050_ppv_flythrough_dark_2dcg.mp4
bb86_hole_051_ppv_flythrough_dark_2dcg.mp4	https://github.com/Croycosmos/m31-hi-holes-viewer/releases/download/ppv-bb86-v1/bb86_hole_051_ppv_flythrough_dark_2dcg.mp4
bb86_hole_052_ppv_flythrough_dark_2dcg.mp4	https://github.com/Croycosmos/m31-hi-holes-viewer/releases/download/ppv-bb86-v1/bb86_hole_052_ppv_flythrough_dark_2dcg.mp4
bb86_hole_053_ppv_flythrough_dark_2dcg.mp4	https://github.com/Croycosmos/m31-hi-holes-viewer/releases/download/ppv-bb86-v1/bb86_hole_053_ppv_flythrough_dark_2dcg.mp4
bb86_hole_055_ppv_flythrough_dark_2dcg.mp4	https://github.com/Croycosmos/m31-hi-holes-viewer/releases/download/ppv-bb86-v1/bb86_hole_055_ppv_flythrough_dark_2dcg.mp4
bb86_hole_056_ppv_flythrough_dark_2dcg.mp4	https://github.com/Croycosmos/m31-hi-holes-viewer/releases/download/ppv-bb86-v1/bb86_hole_056_ppv_flythrough_dark_2dcg.mp4
bb86_hole_057_ppv_flythrough_dark_2dcg.mp4	https://github.com/Croycosmos/m31-hi-holes-viewer/releases/download/ppv-bb86-v1/bb86_hole_057_ppv_flythrough_dark_2dcg.mp4
bb86_hole_058_ppv_flythrough_dark_2dcg.mp4	https://github.com/Croycosmos/m31-hi-holes-viewer/releases/download/ppv-bb86-v1/bb86_hole_058_ppv_flythrough_dark_2dcg.mp4
bb86_hole_059_ppv_flythrough_dark_2dcg.mp4	https://github.com/Croycosmos/m31-hi-holes-viewer/releases/download/ppv-bb86-v1/bb86_hole_059_ppv_flythrough_dark_2dcg.mp4
bb86_hole_060_ppv_flythrough_dark_2dcg.mp4	https://github.com/Croycosmos/m31-hi-holes-viewer/releases/download/ppv-bb86-v1/bb86_hole_060_ppv_flythrough_dark_2dcg.mp4
bb86_hole_061_ppv_flythrough_dark_2dcg.mp4	https://github.com/Croycosmos/m31-hi-holes-viewer/releases/download/ppv-bb86-v1/bb86_hole_061_ppv_flythrough_dark_2dcg.mp4
bb86_hole_062_ppv_flythrough_dark_2dcg.mp4	https://github.com/Croycosmos/m31-hi-holes-viewer/releases/download/ppv-bb86-v1/bb86_hole_062_ppv_flythrough_dark_2dcg.mp4
bb86_hole_063_ppv_flythrough_dark_2dcg.mp4	https://github.com/Croycosmos/m31-hi-holes-viewer/releases/download/ppv-bb86-v1/bb86_hole_063_ppv_flythrough_dark_2dcg.mp4
bb86_hole_064_ppv_flythrough_dark_2dcg.mp4	https://github.com/Croycosmos/m31-hi-holes-viewer/releases/download/ppv-bb86-v1/bb86_hole_064_ppv_flythrough_dark_2dcg.mp4
bb86_hole_065_ppv_flythrough_dark_2dcg.mp4	https://github.com/Croycosmos/m31-hi-holes-viewer/releases/download/ppv-bb86-v1/bb86_hole_065_ppv_flythrough_dark_2dcg.mp4
bb86_hole_066_ppv_flythrough_dark_2dcg.mp4	https://github.com/Croycosmos/m31-hi-holes-viewer/releases/download/ppv-bb86-v1/bb86_hole_066_ppv_flythrough_dark_2dcg.mp4
bb86_hole_067_ppv_flythrough_dark_2dcg.mp4	https://github.com/Croycosmos/m31-hi-holes-viewer/releases/download/ppv-bb86-v1/bb86_hole_067_ppv_flythrough_dark_2dcg.mp4
bb86_hole_068_ppv_flythrough_dark_2dcg.mp4	https://github.com/Croycosmos/m31-hi-holes-viewer/releases/download/ppv-bb86-v1/bb86_hole_068_ppv_flythrough_dark_2dcg.mp4
bb86_hole_069_ppv_flythrough_dark_2dcg.mp4	https://github.com/Croycosmos/m31-hi-holes-viewer/releases/download/ppv-bb86-v1/bb86_hole_069_ppv_flythrough_dark_2dcg.mp4
bb86_hole_070_ppv_flythrough_dark_2dcg.mp4	https://github.com/Croycosmos/m31-hi-holes-viewer/releases/download/ppv-bb86-v1/bb86_hole_070_ppv_flythrough_dark_2dcg.mp4
bb86_hole_071_ppv_flythrough_dark_2dcg.mp4	https://github.com/Croycosmos/m31-hi-holes-viewer/releases/download/ppv-bb86-v1/bb86_hole_071_ppv_flythrough_dark_2dcg.mp4
bb86_hole_072_ppv_flythrough_dark_2dcg.mp4	https://github.com/Croycosmos/m31-hi-holes-viewer/releases/download/ppv-bb86-v1/bb86_hole_072_ppv_flythrough_dark_2dcg.mp4
bb86_hole_073_ppv_flythrough_dark_2dcg.mp4	https://github.com/Croycosmos/m31-hi-holes-viewer/releases/download/ppv-bb86-v1/bb86_hole_073_ppv_flythrough_dark_2dcg.mp4
bb86_hole_074_ppv_flythrough_dark_2dcg.mp4	https://github.com/Croycosmos/m31-hi-holes-viewer/releases/download/ppv-bb86-v1/bb86_hole_074_ppv_flythrough_dark_2dcg.mp4
bb86_hole_075_ppv_flythrough_dark_2dcg.mp4	https://github.com/Croycosmos/m31-hi-holes-viewer/releases/download/ppv-bb86-v1/bb86_hole_075_ppv_flythrough_dark_2dcg.mp4
bb86_hole_076_ppv_flythrough_dark_2dcg.mp4	https://github.com/Croycosmos/m31-hi-holes-viewer/releases/download/ppv-bb86-v1/bb86_hole_076_ppv_flythrough_dark_2dcg.mp4
bb86_hole_077_ppv_flythrough_dark_2dcg.mp4	https://github.com/Croycosmos/m31-hi-holes-viewer/releases/download/ppv-bb86-v1/bb86_hole_077_ppv_flythrough_dark_2dcg.mp4
bb86_hole_078_ppv_flythrough_dark_2dcg.mp4	https://github.com/Croycosmos/m31-hi-holes-viewer/releases/download/ppv-bb86-v1/bb86_hole_078_ppv_flythrough_dark_2dcg.mp4
bb86_hole_079_ppv_flythrough_dark_2dcg.mp4	https://github.com/Croycosmos/m31-hi-holes-viewer/releases/download/ppv-bb86-v1/bb86_hole_079_ppv_flythrough_dark_2dcg.mp4
bb86_hole_080_ppv_flythrough_dark_2dcg.mp4	https://github.com/Croycosmos/m31-hi-holes-viewer/releases/download/ppv-bb86-v1/bb86_hole_080_ppv_flythrough_dark_2dcg.mp4
bb86_hole_081_ppv_flythrough_dark_2dcg.mp4	https://github.com/Croycosmos/m31-hi-holes-viewer/releases/download/ppv-bb86-v1/bb86_hole_081_ppv_flythrough_dark_2dcg.mp4
bb86_hole_082_ppv_flythrough_dark_2dcg.mp4	https://github.com/Croycosmos/m31-hi-holes-viewer/releases/download/ppv-bb86-v1/bb86_hole_082_ppv_flythrough_dark_2dcg.mp4
bb86_hole_083_ppv_flythrough_dark_2dcg.mp4	https://github.com/Croycosmos/m31-hi-holes-viewer/releases/download/ppv-bb86-v1/bb86_hole_083_ppv_flythrough_dark_2dcg.mp4
bb86_hole_084_ppv_flythrough_dark_2dcg.mp4	https://github.com/Croycosmos/m31-hi-holes-viewer/releases/download/ppv-bb86-v1/bb86_hole_084_ppv_flythrough_dark_2dcg.mp4
bb86_hole_085_ppv_flythrough_dark_2dcg.mp4	https://github.com/Croycosmos/m31-hi-holes-viewer/releases/download/ppv-bb86-v1/bb86_hole_085_ppv_flythrough_dark_2dcg.mp4
bb86_hole_086_ppv_flythrough_dark_2dcg.mp4	https://github.com/Croycosmos/m31-hi-holes-viewer/releases/download/ppv-bb86-v1/bb86_hole_086_ppv_flythrough_dark_2dcg.mp4
bb86_hole_087_ppv_flythrough_dark_2dcg.mp4	https://github.com/Croycosmos/m31-hi-holes-viewer/releases/download/ppv-bb86-v1/bb86_hole_087_ppv_flythrough_dark_2dcg.mp4
bb86_hole_088_ppv_flythrough_dark_2dcg.mp4	https://github.com/Croycosmos/m31-hi-holes-viewer/releases/download/ppv-bb86-v1/bb86_hole_088_ppv_flythrough_dark_2dcg.mp4
bb86_hole_089_ppv_flythrough_dark_2dcg.mp4	https://github.com/Croycosmos/m31-hi-holes-viewer/releases/download/ppv-bb86-v1/bb86_hole_089_ppv_flythrough_dark_2dcg.mp4
bb86_hole_090_ppv_flythrough_dark_2dcg.mp4	https://github.com/Croycosmos/m31-hi-holes-viewer/releases/download/ppv-bb86-v1/bb86_hole_090_ppv_flythrough_dark_2dcg.mp4
bb86_hole_091_ppv_flythrough_dark_2dcg.mp4	https://github.com/Croycosmos/m31-hi-holes-viewer/releases/download/ppv-bb86-v1/bb86_hole_091_ppv_flythrough_dark_2dcg.mp4
bb86_hole_092_ppv_flythrough_dark_2dcg.mp4	https://github.com/Croycosmos/m31-hi-holes-viewer/releases/download/ppv-bb86-v1/bb86_hole_092_ppv_flythrough_dark_2dcg.mp4
bb86_hole_093_ppv_flythrough_dark_2dcg.mp4	https://github.com/Croycosmos/m31-hi-holes-viewer/releases/download/ppv-bb86-v1/bb86_hole_093_ppv_flythrough_dark_2dcg.mp4
bb86_hole_094_ppv_flythrough_dark_2dcg.mp4	https://github.com/Croycosmos/m31-hi-holes-viewer/releases/download/ppv-bb86-v1/bb86_hole_094_ppv_flythrough_dark_2dcg.mp4
bb86_hole_095_ppv_flythrough_dark_2dcg.mp4	https://github.com/Croycosmos/m31-hi-holes-viewer/releases/download/ppv-bb86-v1/bb86_hole_095_ppv_flythrough_dark_2dcg.mp4
bb86_hole_096_ppv_flythrough_dark_2dcg.mp4	https://github.com/Croycosmos/m31-hi-holes-viewer/releases/download/ppv-bb86-v1/bb86_hole_096_ppv_flythrough_dark_2dcg.mp4
bb86_hole_097_ppv_flythrough_dark_2dcg.mp4	https://github.com/Croycosmos/m31-hi-holes-viewer/releases/download/ppv-bb86-v1/bb86_hole_097_ppv_flythrough_dark_2dcg.mp4
bb86_hole_098_ppv_flythrough_dark_2dcg.mp4	https://github.com/Croycosmos/m31-hi-holes-viewer/releases/download/ppv-bb86-v1/bb86_hole_098_ppv_flythrough_dark_2dcg.mp4
bb86_hole_099_ppv_flythrough_dark_2dcg.mp4	https://github.com/Croycosmos/m31-hi-holes-viewer/releases/download/ppv-bb86-v1/bb86_hole_099_ppv_flythrough_dark_2dcg.mp4
bb86_hole_100_ppv_flythrough_dark_2dcg.mp4	https://github.com/Croycosmos/m31-hi-holes-viewer/releases/download/ppv-bb86-v1/bb86_hole_100_ppv_flythrough_dark_2dcg.mp4
bb86_hole_101_ppv_flythrough_dark_2dcg.mp4	https://github.com/Croycosmos/m31-hi-holes-viewer/releases/download/ppv-bb86-v1/bb86_hole_101_ppv_flythrough_dark_2dcg.mp4
bb86_hole_102_ppv_flythrough_dark_2dcg.mp4	https://github.com/Croycosmos/m31-hi-holes-viewer/releases/download/ppv-bb86-v1/bb86_hole_102_ppv_flythrough_dark_2dcg.mp4
bb86_hole_103_ppv_flythrough_dark_2dcg.mp4	https://github.com/Croycosmos/m31-hi-holes-viewer/releases/download/ppv-bb86-v1/bb86_hole_103_ppv_flythrough_dark_2dcg.mp4
bb86_hole_104_ppv_flythrough_dark_2dcg.mp4	https://github.com/Croycosmos/m31-hi-holes-viewer/releases/download/ppv-bb86-v1/bb86_hole_104_ppv_flythrough_dark_2dcg.mp4
bb86_hole_105_ppv_flythrough_dark_2dcg.mp4	https://github.com/Croycosmos/m31-hi-holes-viewer/releases/download/ppv-bb86-v1/bb86_hole_105_ppv_flythrough_dark_2dcg.mp4
bb86_hole_106_ppv_flythrough_dark_2dcg.mp4	https://github.com/Croycosmos/m31-hi-holes-viewer/releases/download/ppv-bb86-v1/bb86_hole_106_ppv_flythrough_dark_2dcg.mp4
bb86_hole_107_ppv_flythrough_dark_2dcg.mp4	https://github.com/Croycosmos/m31-hi-holes-viewer/releases/download/ppv-bb86-v1/bb86_hole_107_ppv_flythrough_dark_2dcg.mp4
bb86_hole_108_ppv_flythrough_dark_2dcg.mp4	https://github.com/Croycosmos/m31-hi-holes-viewer/releases/download/ppv-bb86-v1/bb86_hole_108_ppv_flythrough_dark_2dcg.mp4
bb86_hole_109_ppv_flythrough_dark_2dcg.mp4	https://github.com/Croycosmos/m31-hi-holes-viewer/releases/download/ppv-bb86-v1/bb86_hole_109_ppv_flythrough_dark_2dcg.mp4
bb86_hole_110_ppv_flythrough_dark_2dcg.mp4	https://github.com/Croycosmos/m31-hi-holes-viewer/releases/download/ppv-bb86-v1/bb86_hole_110_ppv_flythrough_dark_2dcg.mp4
bb86_hole_111_ppv_flythrough_dark_2dcg.mp4	https://github.com/Croycosmos/m31-hi-holes-viewer/releases/download/ppv-bb86-v1/bb86_hole_111_ppv_flythrough_dark_2dcg.mp4
bb86_hole_112_ppv_flythrough_dark_2dcg.mp4	https://github.com/Croycosmos/m31-hi-holes-viewer/releases/download/ppv-bb86-v1/bb86_hole_112_ppv_flythrough_dark_2dcg.mp4
bb86_hole_113_ppv_flythrough_dark_2dcg.mp4	https://github.com/Croycosmos/m31-hi-holes-viewer/releases/download/ppv-bb86-v1/bb86_hole_113_ppv_flythrough_dark_2dcg.mp4
bb86_hole_114_ppv_flythrough_dark_2dcg.mp4	https://github.com/Croycosmos/m31-hi-holes-viewer/releases/download/ppv-bb86-v1/bb86_hole_114_ppv_flythrough_dark_2dcg.mp4
bb86_hole_115_ppv_flythrough_dark_2dcg.mp4	https://github.com/Croycosmos/m31-hi-holes-viewer/releases/download/ppv-bb86-v1/bb86_hole_115_ppv_flythrough_dark_2dcg.mp4
bb86_hole_116_ppv_flythrough_dark_2dcg.mp4	https://github.com/Croycosmos/m31-hi-holes-viewer/releases/download/ppv-bb86-v1/bb86_hole_116_ppv_flythrough_dark_2dcg.mp4
bb86_hole_117_ppv_flythrough_dark_2dcg.mp4	https://github.com/Croycosmos/m31-hi-holes-viewer/releases/download/ppv-bb86-v1/bb86_hole_117_ppv_flythrough_dark_2dcg.mp4
bb86_hole_118_ppv_flythrough_dark_2dcg.mp4	https://github.com/Croycosmos/m31-hi-holes-viewer/releases/download/ppv-bb86-v1/bb86_hole_118_ppv_flythrough_dark_2dcg.mp4
bb86_hole_119_ppv_flythrough_dark_2dcg.mp4	https://github.com/Croycosmos/m31-hi-holes-viewer/releases/download/ppv-bb86-v1/bb86_hole_119_ppv_flythrough_dark_2dcg.mp4
bb86_hole_120_ppv_flythrough_dark_2dcg.mp4	https://github.com/Croycosmos/m31-hi-holes-viewer/releases/download/ppv-bb86-v1/bb86_hole_120_ppv_flythrough_dark_2dcg.mp4
bb86_hole_121_ppv_flythrough_dark_2dcg.mp4	https://github.com/Croycosmos/m31-hi-holes-viewer/releases/download/ppv-bb86-v1/bb86_hole_121_ppv_flythrough_dark_2dcg.mp4
bb86_hole_122_ppv_flythrough_dark_2dcg.mp4	https://github.com/Croycosmos/m31-hi-holes-viewer/releases/download/ppv-bb86-v1/bb86_hole_122_ppv_flythrough_dark_2dcg.mp4
bb86_hole_123_ppv_flythrough_dark_2dcg.mp4	https://github.com/Croycosmos/m31-hi-holes-viewer/releases/download/ppv-bb86-v1/bb86_hole_123_ppv_flythrough_dark_2dcg.mp4
bb86_hole_124_ppv_flythrough_dark_2dcg.mp4	https://github.com/Croycosmos/m31-hi-holes-viewer/releases/download/ppv-bb86-v1/bb86_hole_124_ppv_flythrough_dark_2dcg.mp4
bb86_hole_125_ppv_flythrough_dark_2dcg.mp4	https://github.com/Croycosmos/m31-hi-holes-viewer/releases/download/ppv-bb86-v1/bb86_hole_125_ppv_flythrough_dark_2dcg.mp4
bb86_hole_126_ppv_flythrough_dark_2dcg.mp4	https://github.com/Croycosmos/m31-hi-holes-viewer/releases/download/ppv-bb86-v1/bb86_hole_126_ppv_flythrough_dark_2dcg.mp4
bb86_hole_127_ppv_flythrough_dark_2dcg.mp4	https://github.com/Croycosmos/m31-hi-holes-viewer/releases/download/ppv-bb86-v1/bb86_hole_127_ppv_flythrough_dark_2dcg.mp4
bb86_hole_128_ppv_flythrough_dark_2dcg.mp4	https://github.com/Croycosmos/m31-hi-holes-viewer/releases/download/ppv-bb86-v1/bb86_hole_128_ppv_flythrough_dark_2dcg.mp4
bb86_hole_129_ppv_flythrough_dark_2dcg.mp4	https://github.com/Croycosmos/m31-hi-holes-viewer/releases/download/ppv-bb86-v1/bb86_hole_129_ppv_flythrough_dark_2dcg.mp4
bb86_hole_130_ppv_flythrough_dark_2dcg.mp4	https://github.com/Croycosmos/m31-hi-holes-viewer/releases/download/ppv-bb86-v1/bb86_hole_130_ppv_flythrough_dark_2dcg.mp4
bb86_hole_131_ppv_flythrough_dark_2dcg.mp4	https://github.com/Croycosmos/m31-hi-holes-viewer/releases/download/ppv-bb86-v1/bb86_hole_131_ppv_flythrough_dark_2dcg.mp4
bb86_hole_132_ppv_flythrough_dark_2dcg.mp4	https://github.com/Croycosmos/m31-hi-holes-viewer/releases/download/ppv-bb86-v1/bb86_hole_132_ppv_flythrough_dark_2dcg.mp4
bb86_hole_133_ppv_flythrough_dark_2dcg.mp4	https://github.com/Croycosmos/m31-hi-holes-viewer/releases/download/ppv-bb86-v1/bb86_hole_133_ppv_flythrough_dark_2dcg.mp4
bb86_hole_134_ppv_flythrough_dark_2dcg.mp4	https://github.com/Croycosmos/m31-hi-holes-viewer/releases/download/ppv-bb86-v1/bb86_hole_134_ppv_flythrough_dark_2dcg.mp4
bb86_hole_135_ppv_flythrough_dark_2dcg.mp4	https://github.com/Croycosmos/m31-hi-holes-viewer/releases/download/ppv-bb86-v1/bb86_hole_135_ppv_flythrough_dark_2dcg.mp4
bb86_hole_136_ppv_flythrough_dark_2dcg.mp4	https://github.com/Croycosmos/m31-hi-holes-viewer/releases/download/ppv-bb86-v1/bb86_hole_136_ppv_flythrough_dark_2dcg.mp4
bb86_hole_137_ppv_flythrough_dark_2dcg.mp4	https://github.com/Croycosmos/m31-hi-holes-viewer/releases/download/ppv-bb86-v1/bb86_hole_137_ppv_flythrough_dark_2dcg.mp4
bb86_hole_138_ppv_flythrough_dark_2dcg.mp4	https://github.com/Croycosmos/m31-hi-holes-viewer/releases/download/ppv-bb86-v1/bb86_hole_138_ppv_flythrough_dark_2dcg.mp4
bb86_hole_139_ppv_flythrough_dark_2dcg.mp4	https://github.com/Croycosmos/m31-hi-holes-viewer/releases/download/ppv-bb86-v1/bb86_hole_139_ppv_flythrough_dark_2dcg.mp4
bb86_hole_140_ppv_flythrough_dark_2dcg.mp4	https://github.com/Croycosmos/m31-hi-holes-viewer/releases/download/ppv-bb86-v1/bb86_hole_140_ppv_flythrough_dark_2dcg.mp4
bb86_hole_141_ppv_flythrough_dark_2dcg.mp4	https://github.com/Croycosmos/m31-hi-holes-viewer/releases/download/ppv-bb86-v1/bb86_hole_141_ppv_flythrough_dark_2dcg.mp4
