object_id,catalog,n_xray_R1,n_xray_R2,n_xray_R3,nearest_xray_label,nearest_xray_sep_arcsec,nearest_xray_flux_erg_cm2_s,nearest_xray_class
BB86_001,BB86,1,3,4,XMM 0406,26.27965052921912,8.74e-16,<fg Star>
BB86_002,BB86,1,2,4,XMM 0342,8.71380664542606,5.36e-15,<SSS>
BB86_003,BB86,0,1,5,XMM 0522,38.19716823463417,1.69e-14,<hard>
BB86_004,BB86,0,0,1,XMM 0448,59.80783998648179,2.18e-14,<hard>
BB86_005,BB86,0,1,3,XMM 0422,85.58977482511882,2.01e-14,<hard>
BB86_006,BB86,2,7,15,XMM 0412,56.864916233826094,1.86e-14,AGN
BB86_007,BB86,0,1,2,XMM 0179,67.53953889735058,1.2e-14,<hard>
BB86_008,BB86,1,4,9,XMM 0533,84.39185101164928,7.89e-15,<GlC>
BB86_009,BB86,0,0,0,,,,
BB86_010,BB86,0,0,1,XMM 0560,137.95910594340828,5.14e-15,<SNR>
BB86_011,BB86,0,5,6,XMM 0188,44.85070136647496,1.84e-14,<fg Star>
BB86_012,BB86,0,0,0,,,,
BB86_013,BB86,0,0,0,,,,
BB86_014,BB86,0,0,0,,,,
BB86_015,BB86,0,0,2,XMM 0225,69.80071998267174,4.82e-15,<hard>
BB86_016,BB86,1,4,13,XMM 0404,64.81504893127276,1.77e-14,<hard>
BB86_017,BB86,1,2,5,XMM 0256,59.358728605532754,1.66e-15,
BB86_018,BB86,0,0,1,XMM 0528,106.19397822780206,4.52e-15,<fg Star>
BB86_019,BB86,0,2,5,XMM 0598,118.404714103383,8.21e-15,<hard>
BB86_020,BB86,0,3,5,XMM 0649,113.51097936902967,5.93e-15,<hard>
BB86_021,BB86,0,0,0,,,,
BB86_022,BB86,0,0,0,,,,
BB86_023,BB86,1,2,3,XMM 0267,8.447993654691189,1.14e-15,<fg Star>
BB86_024,BB86,1,8,11,XMM 0453,63.85319051849125,2.48e-15,<fg Star>
BB86_025,BB86,1,2,4,XMM 0680,51.91929885930377,4.88e-15,<hard>
BB86_026,BB86,0,0,3,XMM 0453,68.37567676573916,2.48e-15,<fg Star>
BB86_027,BB86,0,0,1,XMM 0270,64.01060502361075,5.95e-15,<hard>
BB86_028,BB86,0,0,0,,,,
BB86_029,BB86,0,0,0,,,,
BB86_030,BB86,0,0,0,,,,
BB86_031,BB86,0,0,0,,,,
BB86_032,BB86,0,0,0,,,,
BB86_033,BB86,0,0,0,,,,
BB86_034,BB86,1,1,2,XMM 0741,41.853309826428294,6.52e-15,<hard>
BB86_035,BB86,0,0,1,XMM 0846,57.422250446583455,8.57e-15,<hard>
BB86_036,BB86,0,2,3,XMM 0937,61.774187657100676,2.08e-15,<hard>
BB86_037,BB86,0,0,1,XMM 0566,36.627591825186954,7.84e-15,<hard>
BB86_038,BB86,0,0,0,,,,
BB86_039,BB86,0,1,3,XMM 0606,30.493804706859677,4.51e-15,<hard>
BB86_040,BB86,0,4,9,XMM 1003,60.09882561077668,1.9e-15,<hard>
BB86_041,BB86,1,1,3,XMM 0604,15.337419533396975,5.73e-15,<hard>
BB86_042,BB86,0,0,0,,,,
BB86_043,BB86,0,2,2,XMM 1085,63.331046264161444,2.43e-15,<hard>
BB86_044,BB86,0,1,1,XMM 1053,13.800463256497682,3.71e-15,<fg Star>
BB86_045,BB86,3,6,16,XMM 1148,78.6543872812872,2.31e-15,<SNR>
BB86_046,BB86,0,10,22,XMM 1242,86.42658203383664,9.52e-15,<SSS>
BB86_047,BB86,0,3,5,XMM 0639,66.8391184748425,4.97e-15,<hard>
BB86_048,BB86,0,0,3,XMM 1183,84.85195208782379,3.8e-14,<hard>
BB86_049,BB86,0,0,1,XMM 0715,75.66638252805501,6.39e-15,<AGN>
BB86_050,BB86,0,0,0,,,,
BB86_051,BB86,1,3,4,XMM 0661,22.439405269436893,6.56e-15,<hard>
BB86_052,BB86,3,9,14,XMM 0677,16.77713345737941,3.96e-15,
BB86_053,BB86,1,2,5,XMM 1238,4.649515827555869,3.44e-13,<hard>
BB86_054,BB86,3,9,27,XMM 1240,40.63160280518517,5.38e-15,<hard>
BB86_055,BB86,1,1,2,XMM 0803,15.316115437769364,4.37e-15,fg Star
BB86_056,BB86,0,0,1,XMM 1253,41.121742476367785,2.5e-13,<hard>
BB86_057,BB86,0,2,2,XMM 1285,28.52728218257897,6.62e-15,<fg Star>
BB86_058,BB86,0,1,1,XMM 0722,27.139207984186644,6.21e-15,<hard>
BB86_059,BB86,0,0,1,XMM 1261,51.76316137253942,2.03e-13,<hard>
BB86_060,BB86,2,7,13,XMM 0884,29.62518287905935,1.5e-14,<XRB>
BB86_061,BB86,0,1,5,XMM 1267,66.90110426586978,4.8e-13,GlC
BB86_062,BB86,0,11,14,XMM 1325,104.57716737688203,3.78e-15,<SSS>
BB86_063,BB86,0,2,9,XMM 1355,66.79541401429576,1.54e-15,<SSS>
BB86_064,BB86,0,0,0,,,,
BB86_065,BB86,0,0,0,,,,
BB86_066,BB86,2,4,8,XMM 1388,20.208635146820754,5.87e-15,<fg Star>
BB86_067,BB86,0,0,1,XMM 0900,67.53396022146617,2.29e-15,<hard>
BB86_068,BB86,0,2,4,XMM 0918,37.845946173704824,4.31e-15,<hard>
BB86_069,BB86,6,21,58,XMM 0918,37.845946173704824,4.31e-15,<hard>
BB86_070,BB86,0,0,0,,,,
BB86_071,BB86,1,3,9,XMM 1416,58.53959726863102,8.55e-14,<SSS>
BB86_072,BB86,0,0,0,,,,
BB86_073,BB86,0,0,0,,,,
BB86_074,BB86,1,1,3,XMM 1121,14.895316998498588,9.36e-15,<hard>
BB86_075,BB86,0,0,2,XMM 1123,34.2039446172471,1.1e-14,<AGN>
BB86_076,BB86,1,3,4,XMM 1497,27.879943204114667,4.36e-15,SNR
BB86_077,BB86,0,0,2,XMM 1497,72.68105971501726,4.36e-15,SNR
BB86_078,BB86,0,0,1,XMM 1127,92.47668382219807,2.38e-15,<fg Star>
BB86_079,BB86,0,0,0,,,,
BB86_080,BB86,2,2,3,XMM 1185,33.886145465951216,8.63e-15,<hard>
BB86_081,BB86,0,1,1,XMM 1080,52.07433498626891,9.34e-15,<hard>
BB86_082,BB86,1,3,7,XMM 1166,57.21257840440718,2.16e-15,<hard>
BB86_083,BB86,0,0,0,,,,
BB86_084,BB86,0,0,0,,,,
BB86_085,BB86,0,1,1,XMM 1244,32.27330974019572,5e-15,<hard>
BB86_086,BB86,0,0,0,,,,
BB86_087,BB86,0,1,2,XMM 1535,73.12494022684749,1.47e-14,SNR
BB86_088,BB86,0,0,0,,,,
BB86_089,BB86,0,0,0,,,,
BB86_090,BB86,1,3,3,XMM 1451,27.842849295890257,2.23e-15,<hard>
BB86_091,BB86,0,0,2,XMM 1535,154.92845562859637,1.47e-14,SNR
BB86_092,BB86,0,0,0,,,,
BB86_093,BB86,0,0,0,,,,
BB86_094,BB86,0,0,0,,,,
BB86_095,BB86,0,0,0,,,,
BB86_096,BB86,0,0,0,,,,
BB86_097,BB86,0,0,0,,,,
BB86_098,BB86,0,1,4,XMM 1104,122.207634555283,1.2e-14,<hard>
BB86_099,BB86,0,1,2,XMM 1587,48.09474957788533,2.47e-15,SNR
BB86_100,BB86,0,0,2,XMM 1547,60.42062188689881,5.59e-14,<AGN>
BB86_101,BB86,0,0,0,,,,
BB86_102,BB86,1,2,3,XMM 1286,11.50217557617694,1.68e-15,
BB86_103,BB86,0,0,3,XMM 1286,136.0989004668119,1.68e-15,
BB86_104,BB86,0,0,0,,,,
BB86_105,BB86,0,0,0,,,,
BB86_106,BB86,1,3,8,XMM 1200,34.98506626231652,3.48e-15,
BB86_107,BB86,0,1,1,XMM 1557,98.07321489863736,9.74e-16,
BB86_108,BB86,0,0,1,XMM 1307,33.1593001274086,7.55e-15,<hard>
BB86_109,BB86,0,0,0,,,,
BB86_110,BB86,0,0,0,,,,
BB86_111,BB86,0,0,1,XMM 1159,71.2908603902531,4.53e-15,<hard>
BB86_112,BB86,0,0,0,,,,
BB86_113,BB86,0,0,1,XMM 1599,46.977668649405345,1.61e-14,SNR
BB86_114,BB86,6,12,19,XMM 1215,23.413113344101347,3.03e-15,<hard>
BB86_115,BB86,0,2,5,XMM 1599,87.90319942231262,1.61e-14,SNR
BB86_116,BB86,0,0,2,XMM 1590,61.61116019510609,9.44e-15,<hard>
BB86_117,BB86,0,0,0,,,,
BB86_118,BB86,0,1,1,XMM 1404,39.96894576596567,5.2e-15,<hard>
BB86_119,BB86,1,1,1,XMM 1426,11.8231744026281,9.43e-15,<fg Star>
BB86_120,BB86,0,2,8,XMM 1306,96.60411565131017,4.51e-15,<hard>
BB86_121,BB86,0,2,4,XMM 1624,41.11666136771569,2.06e-14,<hard>
BB86_122,BB86,0,0,0,,,,
BB86_123,BB86,0,0,3,XMM 1624,69.83939029323416,2.06e-14,<hard>
BB86_124,BB86,1,1,2,XMM 1354,6.838790469280418,2.6e-14,<AGN>
BB86_125,BB86,0,0,2,XMM 1306,67.29570071230863,4.51e-15,<hard>
BB86_126,BB86,0,0,0,,,,
BB86_127,BB86,1,2,2,XMM 1685,27.9411795692499,1.04e-14,<hard>
BB86_128,BB86,0,0,0,,,,
BB86_129,BB86,0,0,0,,,,
BB86_130,BB86,4,13,19,XMM 1549,13.416631705417561,2.48e-15,<hard>
BB86_131,BB86,0,0,0,,,,
BB86_132,BB86,1,4,9,XMM 1620,62.488858926171964,8.21e-15,<hard>
BB86_133,BB86,0,0,1,XMM 1442,61.607043792828115,1.1e-14,fg Star
BB86_134,BB86,0,0,0,,,,
BB86_135,BB86,0,0,0,,,,
BB86_136,BB86,0,2,3,XMM 1429,44.71378351378428,2.12e-15,<fg Star>
BB86_137,BB86,0,0,0,,,,
BB86_138,BB86,0,1,2,XMM 1673,43.6265338366222,1.55e-15,<fg Star>
BB86_139,BB86,1,2,4,XMM 1630,45.41851477693733,6.8e-15,<hard>
BB86_140,BB86,0,0,0,,,,
BB86_141,BB86,0,1,1,XMM 1632,41.05779334120678,7.42e-15,<hard>
NEW247_v11_best_0001,NEW247,1,2,10,XMM 1042,33.819632176117366,5.02e-15,<hard>
NEW247_v11_best_0002,NEW247,0,0,2,XMM 0418,76.41628499157426,5.88e-15,<hard>
NEW247_v11_best_0003,NEW247,1,1,3,XMM 1463,33.48012333822703,7.51e-13,GlC
NEW247_v11_best_0004,NEW247,1,2,2,XMM 1365,25.268793422260437,7.16e-15,<hard>
NEW247_v11_best_0005,NEW247,0,1,3,XMM 1249,59.33617281534449,1.23e-14,<hard>
NEW247_v11_best_0006,NEW247,1,4,4,XMM 1481,6.58966487513036,3.43e-15,<SNR>
NEW247_v11_best_0007,NEW247,0,0,2,XMM 0281,152.05808344996078,6.7e-15,<hard>
NEW247_v11_best_0008,NEW247,0,3,6,XMM 1378,69.35112977128338,1.28e-14,<hard>
NEW247_v11_best_0009,NEW247,1,1,2,XMM 1087,33.78517941870355,2.69e-15,<SSS>
NEW247_v11_best_0010,NEW247,1,1,5,XMM 1087,51.463125272429856,2.69e-15,<SSS>
NEW247_v11_best_0011,NEW247,1,3,6,XMM 0937,47.087494812335464,2.08e-15,<hard>
NEW247_v11_best_0012,NEW247,0,0,2,XMM 0325,99.87732999013949,5.9e-15,<fg Star>
NEW247_v11_best_0013,NEW247,1,6,9,XMM 0122,41.17097779601148,1.47e-15,<hard>
NEW247_v11_best_0014,NEW247,2,5,7,XMM 0308,15.320832568248331,1.66e-14,<hard>
NEW247_v11_best_0015,NEW247,2,4,8,XMM 1165,23.705388584092987,8.03e-15,<hard>
NEW247_v11_best_0016,NEW247,1,5,9,XMM 0369,52.47807152884671,5.82e-14,<hard>
NEW247_v11_best_0017,NEW247,1,3,6,XMM 0645,53.397070690365155,1.99e-15,<fg Star>
NEW247_v11_best_0018,NEW247,2,2,4,XMM 1086,48.92661539679538,5.48e-15,<hard>
NEW247_v11_best_0019,NEW247,0,2,5,XMM 0378,59.1501252479422,1.42e-14,<XRB>
NEW247_v11_best_0020,NEW247,0,0,4,XMM 1085,107.35077933804831,2.43e-15,<hard>
NEW247_v11_best_0021,NEW247,1,1,2,XMM 0648,34.65824175835539,2.21e-15,<fg Star>
NEW247_v11_best_0022,NEW247,0,3,11,XMM 0299,79.92459203274201,5.43e-14,<hard>
NEW247_v11_best_0023,NEW247,0,2,5,XMM 0786,73.70298849801658,3.27e-15,<hard>
NEW247_v11_best_0024,NEW247,1,1,2,XMM 0521,4.619269268655202,1.66e-15,<SNR>
NEW247_v11_best_0025,NEW247,0,1,4,XMM 1685,57.59539903137767,1.04e-14,<hard>
NEW247_v11_best_0026,NEW247,0,1,4,XMM 1331,107.22333246590281,1.74e-15,<fg Star>
NEW247_v11_best_0027,NEW247,1,2,5,XMM 1373,22.572528490196248,1.88e-14,<AGN>
NEW247_v11_best_0028,NEW247,0,5,8,XMM 0639,63.845520036240416,4.97e-15,<hard>
NEW247_v11_best_0029,NEW247,1,6,17,XMM 0594,63.47825440607664,1.39e-14,<hard>
NEW247_v11_best_0030,NEW247,2,13,17,XMM 1052,50.78002313863603,3.57e-15,<hard>
NEW247_v11_best_0031,NEW247,2,3,4,XMM 0949,25.978075422856623,1.66e-13,<XRB>
NEW247_v11_best_0032,NEW247,0,1,2,XMM 1365,51.33894336883382,7.16e-15,<hard>
NEW247_v11_best_0033,NEW247,0,0,2,XMM 1089,108.22450393739813,2.25e-15,<hard>
NEW247_v11_best_0034,NEW247,0,1,2,XMM 0326,89.48294424796937,8.61e-15,<hard>
NEW247_v11_best_0035,NEW247,2,2,4,XMM 0138,48.784673163846804,1.82e-14,<hard>
NEW247_v11_best_0036,NEW247,0,6,14,XMM 1171,108.76506381798582,4.68e-13,GlC
NEW247_v11_best_0037,NEW247,0,2,3,XMM 0466,43.59707200081451,2.87e-15,<hard>
NEW247_v11_best_0038,NEW247,1,8,10,XMM 0480,46.42282423248766,3.22e-14,<hard>
NEW247_v11_best_0039,NEW247,1,2,6,XMM 0523,38.573222454091514,1e-12,XRB
NEW247_v11_best_0040,NEW247,0,2,5,XMM 0330,66.96338065243003,3.98e-15,<hard>
NEW247_v11_best_0041,NEW247,0,0,1,XMM 0402,104.3178932966423,7.01e-15,<hard>
NEW247_v11_best_0042,NEW247,0,1,4,XMM 1450,60.951799712338726,1.89e-14,<hard>
NEW247_v11_best_0043,NEW247,2,2,3,XMM 1535,22.874509972822878,1.47e-14,SNR
NEW247_v11_best_0044,NEW247,0,0,1,XMM 1410,84.26146586143611,7.4e-15,SNR
NEW247_v11_best_0045,NEW247,0,1,7,XMM 0789,72.72547576417988,4.9e-15,<hard>
NEW247_v11_best_0046,NEW247,0,0,1,XMM 0715,124.64610883635996,6.39e-15,<AGN>
NEW247_v11_best_0047,NEW247,0,2,3,XMM 0330,58.57747302621058,3.98e-15,<hard>
NEW247_v11_best_0048,NEW247,2,6,11,XMM 1468,17.669747483177073,1.83e-14,<hard>
NEW247_v11_best_0049,NEW247,1,5,8,XMM 0669,31.15319098497269,6.69e-15,<hard>
NEW247_v11_best_0050,NEW247,0,1,8,XMM 1635,103.01666612706393,2.99e-14,<hard>
NEW247_v11_best_0051,NEW247,0,1,2,XMM 1286,51.9649924316667,1.68e-15,
NEW247_v11_best_0052,NEW247,1,3,8,XMM 1307,67.83197056795082,7.55e-15,<hard>
NEW247_v11_best_0053,NEW247,0,1,2,XMM 0158,65.83551032064041,6.78e-15,<hard>
NEW247_v11_best_0054,NEW247,0,0,0,,,,
NEW247_v11_best_0055,NEW247,0,3,3,XMM 1294,49.16784376457915,2e-15,<hard>
NEW247_v11_best_0056,NEW247,0,1,1,XMM 1361,93.40314330601394,1.01e-14,<hard>
NEW247_v11_best_0057,NEW247,0,0,1,XMM 1535,129.63770128571892,1.47e-14,SNR
NEW247_v11_best_0058,NEW247,1,4,6,XMM 1493,29.475559060489886,6.31e-15,<SNR>
NEW247_v11_best_0059,NEW247,0,2,4,XMM 0383,110.44193349199095,1.45e-12,GlC
NEW247_v11_best_0060,NEW247,1,6,13,XMM 1285,62.172781139848844,6.62e-15,<fg Star>
NEW247_v11_best_0061,NEW247,1,2,10,XMM 1042,35.60126583435312,5.02e-15,<hard>
NEW247_v11_best_0062,NEW247,1,3,5,XMM 0809,19.475683183900998,1.62e-14,<hard>
NEW247_v11_best_0063,NEW247,1,1,5,XMM 0774,44.52334923844344,5.09e-15,
NEW247_v11_best_0064,NEW247,0,2,4,XMM 1649,52.49897251234393,7.37e-15,<fg Star>
NEW247_v11_best_0065,NEW247,2,20,42,XMM 0308,125.45442306877833,1.66e-14,<hard>
NEW247_v11_best_0066,NEW247,0,2,5,XMM 1182,53.7304613355942,4.18e-15,<hard>
NEW247_v11_best_0067,NEW247,1,4,11,XMM 0886,30.219636478072854,1.93e-15,<SNR>
NEW247_v11_best_0068,NEW247,0,3,10,XMM 0294,82.09747704862208,1.85e-14,<SNR>
NEW247_v11_best_0069,NEW247,1,6,9,XMM 0904,58.74638589824864,8.04e-14,<hard>
NEW247_v11_best_0070,NEW247,1,4,12,XMM 1307,75.81314401377486,7.55e-15,<hard>
NEW247_v11_best_0071,NEW247,0,1,1,XMM 0634,50.91126918903075,6.97e-15,<hard>
NEW247_v11_best_0072,NEW247,2,8,15,XMM 0759,68.91363859427629,4.81e-15,<hard>
NEW247_v11_best_0073,NEW247,0,1,4,XMM 1097,79.79194518572689,1.17e-14,<hard>
NEW247_v11_best_0074,NEW247,0,3,5,XMM 1325,60.41353601081784,3.78e-15,<SSS>
NEW247_v11_best_0075,NEW247,0,0,2,XMM 1426,98.93777466440784,9.43e-15,<fg Star>
NEW247_v11_best_0076,NEW247,0,0,0,,,,
NEW247_v11_best_0077,NEW247,1,5,7,XMM 0542,56.44764159863719,2.14e-14,<XRB>
NEW247_v11_best_0078,NEW247,0,2,4,XMM 1557,87.3719695522456,9.74e-16,
NEW247_v11_best_0079,NEW247,0,0,1,XMM 1535,123.05577126239709,1.47e-14,SNR
NEW247_v11_best_0080,NEW247,2,5,15,XMM 1291,30.197722349593388,1.46e-14,SNR
NEW247_v11_best_0081,NEW247,0,0,1,XMM 1042,96.24285296566259,5.02e-15,<hard>
NEW247_v11_best_0082,NEW247,0,0,2,XMM 0454,97.80666462221924,2.71e-15,<SSS>
NEW247_v11_best_0083,NEW247,1,3,7,XMM 0640,53.39330297216267,3.14e-15,<hard>
NEW247_v11_best_0084,NEW247,0,0,0,,,,
NEW247_v11_best_0085,NEW247,0,1,2,XMM 1692,73.23910739146616,1.15e-12,GlC
NEW247_v11_best_0086,NEW247,0,2,2,XMM 0418,63.511497523331954,5.88e-15,<hard>
NEW247_v11_best_0087,NEW247,0,1,2,XMM 0257,124.95555985870688,5.86e-15,<hard>
NEW247_v11_best_0088,NEW247,0,0,0,,,,
NEW247_v11_best_0089,NEW247,4,9,22,XMM 0669,37.00223732384646,6.69e-15,<hard>
NEW247_v11_best_0090,NEW247,0,0,3,XMM 0386,98.09094047073212,7.26e-15,<hard>
NEW247_v11_best_0091,NEW247,0,1,1,XMM 1009,60.31466754677922,1.69e-14,<hard>
NEW247_v11_best_0092,NEW247,2,2,4,XMM 0331,28.61816583613179,4.11e-15,<fg Star>
NEW247_v11_best_0093,NEW247,1,2,4,XMM 0764,50.94189751329657,3.33e-15,<SSS>
NEW247_v11_best_0094,NEW247,0,0,0,,,,
NEW247_v11_best_0095,NEW247,0,0,2,XMM 0421,115.82830614749685,3.87e-14,<hard>
NEW247_v11_best_0096,NEW247,0,4,15,XMM 1461,106.71467129445382,5.66e-15,<fg Star>
NEW247_v11_best_0097,NEW247,0,0,0,,,,
NEW247_v11_best_0098,NEW247,1,2,4,XMM 0355,15.310992826934058,3.08e-15,<hard>
NEW247_v11_best_0099,NEW247,0,2,7,XMM 1666,65.74307856307227,5.68e-15,<hard>
NEW247_v11_best_0100,NEW247,0,1,2,XMM 1442,110.029645117039,1.1e-14,fg Star
NEW247_v11_best_0101,NEW247,0,3,6,XMM 1637,76.93477342330876,1.27e-14,<SNR>
NEW247_v11_best_0102,NEW247,1,5,11,XMM 1505,19.3800626395392,1.86e-14,<SNR>
NEW247_v11_best_0103,NEW247,2,4,17,XMM 1149,62.282744333859625,3.86e-15,<fg Star>
NEW247_v11_best_0104,NEW247,0,3,6,XMM 0658,82.08150559913115,2.76e-15,
NEW247_v11_best_0105,NEW247,1,2,6,XMM 1461,28.284093848254315,5.66e-15,<fg Star>
NEW247_v11_best_0106,NEW247,1,3,6,XMM 1647,31.413882073925777,3.52e-15,<hard>
NEW247_v11_best_0107,NEW247,2,6,10,XMM 1210,21.006318066556844,8.47e-15,<hard>
NEW247_v11_best_0108,NEW247,6,16,38,XMM 1573,21.19460384258674,1.93e-15,<hard>
NEW247_v11_best_0109,NEW247,0,2,3,XMM 1590,66.98530264847966,9.44e-15,<hard>
NEW247_v11_best_0110,NEW247,0,0,3,XMM 1577,81.6426425843258,2.69e-15,fg Star
NEW247_v11_best_0111,NEW247,1,3,7,XMM 0917,41.93813875585088,4.22e-14,fg Star
NEW247_v11_best_0112,NEW247,1,2,5,XMM 1285,29.669277827828214,6.62e-15,<fg Star>
NEW247_v11_best_0113,NEW247,1,2,3,XMM 1428,11.951992366930943,1.25e-14,<hard>
NEW247_v11_best_0114,NEW247,2,2,3,XMM 1590,7.0739015892810775,9.44e-15,<hard>
NEW247_v11_best_0115,NEW247,1,6,11,XMM 1473,71.5364811139171,6.44e-15,fg Star
NEW247_v11_best_0116,NEW247,0,2,2,XMM 1710,54.838107402005946,7.13e-15,<AGN>
NEW247_v11_best_0117,NEW247,1,3,6,XMM 1548,48.319813116668016,1.82e-15,<SNR>
NEW247_v11_best_0118,NEW247,1,2,5,XMM 1537,8.264822467580771,4.28e-14,<hard>
NEW247_v11_best_0119,NEW247,0,2,3,XMM 1410,122.84976147393628,7.4e-15,SNR
NEW247_v11_best_0120,NEW247,2,4,6,XMM 0790,53.13991574414132,4.54e-15,<hard>
NEW247_v11_best_0121,NEW247,0,2,3,XMM 1327,61.881704400990586,3.91e-13,<GlC>
NEW247_v11_best_0122,NEW247,1,3,6,XMM 0811,16.62004010114066,2.78e-15,<hard>
NEW247_v11_best_0123,NEW247,1,2,6,XMM 1473,39.947256448142454,6.44e-15,fg Star
NEW247_v11_best_0124,NEW247,1,4,7,XMM 1597,12.383777533211378,2.53e-15,<hard>
NEW247_v11_best_0125,NEW247,0,3,5,XMM 0809,46.245421155512666,1.62e-14,<hard>
NEW247_v11_best_0126,NEW247,0,0,1,XMM 0257,84.6443630254837,5.86e-15,<hard>
NEW247_v11_best_0127,NEW247,0,3,4,XMM 0216,69.3708601265314,9.26e-15,<hard>
NEW247_v11_best_0128,NEW247,0,5,10,XMM 1473,97.58953975617713,6.44e-15,fg Star
NEW247_v11_best_0129,NEW247,1,2,3,XMM 0230,9.979041240235714,2.95e-15,<hard>
NEW247_v11_best_0130,NEW247,0,0,4,XMM 1497,136.53118785141788,4.36e-15,SNR
NEW247_v11_best_0131,NEW247,0,4,7,XMM 0455,51.20318444006169,7.3e-15,<hard>
NEW247_v11_best_0132,NEW247,1,2,4,XMM 1408,35.97246473604377,1.28e-14,<hard>
NEW247_v11_best_0133,NEW247,1,3,10,XMM 0934,71.12123274198566,6.79e-14,<SSS>
NEW247_v11_best_0134,NEW247,0,0,1,XMM 1428,107.00822407124213,1.25e-14,<hard>
NEW247_v11_best_0135,NEW247,0,1,2,XMM 0200,57.889358246192316,5.77e-15,<hard>
NEW247_v11_best_0136,NEW247,0,3,7,XMM 0131,64.6236492911317,3.86e-15,<hard>
NEW247_v11_best_0137,NEW247,0,2,4,XMM 0401,46.01019208266693,3.28e-15,<fg Star>
NEW247_v11_best_0138,NEW247,0,1,2,XMM 1149,49.59477517779466,3.86e-15,<fg Star>
NEW247_v11_best_0139,NEW247,2,4,9,XMM 1649,21.78226430283364,7.37e-15,<fg Star>
NEW247_v11_best_0140,NEW247,1,2,5,XMM 0325,44.58040283379554,5.9e-15,<fg Star>
NEW247_v11_best_0141,NEW247,0,0,3,XMM 1618,93.0208823618601,1.61e-15,
NEW247_v11_best_0142,NEW247,0,3,4,XMM 0744,61.17658687499274,3.94e-15,<hard>
NEW247_v11_best_0143,NEW247,0,3,5,XMM 0196,117.04684608870946,7.92e-15,<hard>
NEW247_v11_best_0144,NEW247,0,2,7,XMM 0126,96.63382133970205,3.64e-15,<hard>
NEW247_v11_best_0145,NEW247,1,2,3,XMM 1087,23.05724899900122,2.69e-15,<SSS>
NEW247_v11_best_0146,NEW247,4,4,10,XMM 0479,39.49549057605301,1.07e-14,<hard>
NEW247_v11_best_0147,NEW247,0,3,5,XMM 1579,60.519903245634104,9.74e-15,<hard>
NEW247_v11_best_0148,NEW247,2,5,6,XMM 0429,31.482590503772045,1.38e-15,
NEW247_v11_best_0149,NEW247,0,0,4,XMM 0640,93.6108328982613,3.14e-15,<hard>
NEW247_v11_best_0150,NEW247,0,1,2,XMM 1608,66.41039120524552,2.08e-15,<SNR>
NEW247_v11_best_0151,NEW247,0,1,1,XMM 0658,32.638496620106366,2.76e-15,
NEW247_v11_best_0152,NEW247,1,2,5,XMM 0329,40.256211080234586,5.09e-15,<hard>
NEW247_v11_best_0153,NEW247,0,0,0,,,,
NEW247_v11_best_0154,NEW247,1,1,1,XMM 1647,33.914376871502526,3.52e-15,<hard>
NEW247_v11_best_0155,NEW247,2,3,4,XMM 1637,23.00656197122512,1.27e-14,<SNR>
NEW247_v11_best_0156,NEW247,1,3,12,XMM 1149,59.383706822761326,3.86e-15,<fg Star>
NEW247_v11_best_0157,NEW247,2,5,7,XMM 1514,5.019129181653936,9.09e-15,<hard>
NEW247_v11_best_0158,NEW247,0,0,3,XMM 0594,84.38303484826788,1.39e-14,<hard>
NEW247_v11_best_0159,NEW247,1,2,5,XMM 1583,50.930828091317565,1.73e-15,fg Star
NEW247_v11_best_0160,NEW247,0,0,1,XMM 0648,134.38417645061335,2.21e-15,<fg Star>
NEW247_v11_best_0161,NEW247,0,0,3,XMM 1192,78.54424501555518,4.25e-15,<fg Star>
NEW247_v11_best_0162,NEW247,0,6,9,XMM 1429,121.88061692479856,2.12e-15,<fg Star>
NEW247_v11_best_0163,NEW247,2,2,10,XMM 1517,27.30719539606098,3.27e-15,<fg Star>
NEW247_v11_best_0164,NEW247,2,2,8,XMM 1693,29.486995906608776,8.05e-15,<fg Star>
NEW247_v11_best_0165,NEW247,5,12,16,XMM 0182,28.71685621374062,2.48e-15,SNR
NEW247_v11_best_0166,NEW247,1,2,7,XMM 1600,58.661883800600926,1.22e-15,<fg Star>
NEW247_v11_best_0167,NEW247,1,1,4,XMM 0533,45.261387518357886,7.89e-15,<GlC>
NEW247_v11_best_0168,NEW247,0,2,5,XMM 0295,83.45581780683182,1.45e-15,<hard>
NEW247_v11_best_0169,NEW247,0,4,13,XMM 1550,108.83355966590467,3.96e-15,<hard>
NEW247_v11_best_0170,NEW247,0,2,4,XMM 1086,69.30087807798229,5.48e-15,<hard>
NEW247_v11_best_0171,NEW247,0,0,1,XMM 1529,113.02619018829836,4.81e-15,<hard>
NEW247_v11_best_0172,NEW247,0,1,5,XMM 0600,62.355721312801634,2.88e-15,<hard>
NEW247_v11_best_0173,NEW247,0,0,0,,,,
NEW247_v11_best_0174,NEW247,2,2,3,XMM 1535,21.25317757937209,1.47e-14,SNR
NEW247_v11_best_0175,NEW247,1,1,7,XMM 1031,35.906005549400106,2.93e-14,<hard>
NEW247_v11_best_0176,NEW247,1,3,15,XMM 0857,62.819182144538935,5.12e-15,<SSS>
NEW247_v11_best_0177,NEW247,0,0,2,XMM 0511,94.79304860310774,1.39e-15,<SSS>
NEW247_v11_best_0178,NEW247,1,3,5,XMM 0811,27.753393980357135,2.78e-15,<hard>
NEW247_v11_best_0179,NEW247,0,1,6,XMM 1710,85.31576683441497,7.13e-15,<AGN>
NEW247_v11_best_0180,NEW247,0,0,1,XMM 0506,101.3061765006389,4.83e-15,fg Star
NEW247_v11_best_0181,NEW247,0,2,2,XMM 0710,81.17554737577483,5.02e-15,<hard>
NEW247_v11_best_0182,NEW247,1,3,6,XMM 1151,43.40409293753888,2.2e-14,<hard>
NEW247_v11_best_0183,NEW247,0,1,2,XMM 0386,52.91910543950897,7.26e-15,<hard>
NEW247_v11_best_0184,NEW247,2,4,9,XMM 0450,49.051564139461604,2.77e-15,<hard>
NEW247_v11_best_0185,NEW247,1,6,8,XMM 1688,30.69700278603693,2.92e-15,<hard>
NEW247_v11_best_0186,NEW247,0,1,3,XMM 1583,76.46059917430799,1.73e-15,fg Star
NEW247_v11_best_0187,NEW247,1,5,10,XMM 1645,45.50349533771131,2.29e-15,<hard>
NEW247_v11_best_0188,NEW247,1,3,5,XMM 0589,40.1609211737559,4.43e-15,<hard>
NEW247_v11_best_0189,NEW247,0,2,2,XMM 1611,53.23570821164455,1.55e-14,<hard>
NEW247_v11_best_0190,NEW247,2,4,12,XMM 0296,42.62883395132285,1.68e-15,
NEW247_v11_best_0191,NEW247,0,4,4,XMM 1676,44.1107352746577,1.48e-13,fg Star
NEW247_v11_best_0192,NEW247,0,3,5,XMM 1428,87.20278314167065,1.25e-14,<hard>
NEW247_v11_best_0193,NEW247,0,1,3,XMM 0521,82.20096845409996,1.66e-15,<SNR>
NEW247_v11_best_0194,NEW247,0,0,1,XMM 1457,151.35925765328565,1.51e-15,<fg Star>
NEW247_v11_best_0195,NEW247,0,1,5,XMM 1614,120.5705445541729,5.4e-15,<fg Star>
NEW247_v11_best_0196,NEW247,0,3,4,XMM 0542,44.47705279060687,2.14e-14,<XRB>
NEW247_v11_best_0197,NEW247,2,3,5,XMM 0774,45.2119083444509,5.09e-15,
NEW247_v11_best_0198,NEW247,0,2,9,XMM 0786,116.98467894753529,3.27e-15,<hard>
NEW247_v11_best_0199,NEW247,0,0,1,XMM 1251,118.41187732324896,2.57e-15,<hard>
NEW247_v11_best_0200,NEW247,0,1,9,XMM 1325,138.76524574334402,3.78e-15,<SSS>
NEW247_v11_best_0201,NEW247,1,2,2,XMM 1171,7.945860731172585,4.68e-13,GlC
NEW247_v11_best_0202,NEW247,0,0,2,XMM 0511,80.21566892969666,1.39e-15,<SSS>
NEW247_v11_best_0203,NEW247,0,2,7,XMM 0276,69.68113557156906,2.59e-14,<hard>
NEW247_v11_best_0204,NEW247,0,1,5,XMM 1569,57.86272812996898,6.74e-15,<AGN>
NEW247_v11_best_0205,NEW247,0,1,3,XMM 1410,62.924317190269726,7.4e-15,SNR
NEW247_v11_best_0206,NEW247,1,5,6,XMM 1728,43.787472392324105,8.45e-15,<hard>
NEW247_v11_best_0207,NEW247,1,1,8,XMM 1467,26.339868489201287,3.99e-15,<fg Star>
NEW247_v11_best_0208,NEW247,0,1,3,XMM 1098,68.07179797489746,6.55e-15,<hard>
NEW247_v11_best_0209,NEW247,1,2,4,XMM 1848,5.707195179098748,5.22e-14,<AGN>
NEW247_v11_best_0210,NEW247,1,5,7,XMM 1667,32.92423531563148,3.95e-15,<hard>
NEW247_v11_best_0211,NEW247,0,5,11,XMM 1393,95.60642432153658,1.44e-14,<hard>
NEW247_v11_best_0212,NEW247,0,3,8,XMM 1754,68.95412930461573,1.02e-14,<hard>
NEW247_v11_best_0213,NEW247,2,2,4,XMM 1617,33.58369606363207,2.28e-15,<hard>
NEW247_v11_best_0214,NEW247,0,2,6,XMM 1615,73.00086385034925,3.4e-15,<hard>
NEW247_v11_best_0215,NEW247,0,3,7,XMM 1618,116.25195590191284,1.61e-15,
NEW247_v11_best_0216,NEW247,1,1,2,XMM 1509,22.30338431790043,3.05e-15,<fg Star>
NEW247_v11_best_0217,NEW247,1,9,17,XMM 1031,17.766196962417443,2.93e-14,<hard>
NEW247_v11_best_0218,NEW247,0,0,3,XMM 1839,104.95069003141664,5.26e-15,<hard>
NEW247_v11_best_0219,NEW247,2,4,8,XMM 1351,30.920498098747384,4.96e-15,SNR
NEW247_v11_best_0220,NEW247,0,6,8,XMM 0959,64.04763034644463,1.28e-14,<hard>
NEW247_v11_best_0221,NEW247,1,4,10,XMM 1539,36.84278575957652,1.99e-15,SNR
NEW247_v11_best_0222,NEW247,1,4,6,XMM 1838,19.723885912596092,3.95e-15,<hard>
NEW247_v11_best_0223,NEW247,0,4,6,XMM 0856,87.37670321607217,3.47e-14,<AGN>
NEW247_v11_best_0224,NEW247,1,7,11,XMM 0200,83.52254088663081,5.77e-15,<hard>
NEW247_v11_best_0225,NEW247,1,2,5,XMM 0507,49.74491910764056,2.53e-15,<fg Star>
NEW247_v11_best_0226,NEW247,0,1,2,XMM 1487,50.42365989043527,1.51e-14,<hard>
NEW247_v11_best_0227,NEW247,0,1,6,XMM 0383,99.01892011766891,1.45e-12,GlC
NEW247_v11_best_0228,NEW247,0,4,8,XMM 1541,65.40371155255423,4.55e-15,<hard>
NEW247_v11_best_0229,NEW247,1,4,7,XMM 1467,35.56889077418734,3.99e-15,<fg Star>
NEW247_v11_best_0230,NEW247,0,1,4,XMM 1615,36.69626393548318,3.4e-15,<hard>
NEW247_v11_best_0231,NEW247,1,5,11,XMM 1079,25.859710166582232,4.19e-15,<SNR>
NEW247_v11_best_0232,NEW247,0,1,4,XMM 0386,100.54244995995201,7.26e-15,<hard>
NEW247_v11_best_0233,NEW247,0,2,3,XMM 1365,58.7371096633229,7.16e-15,<hard>
NEW247_v11_best_0234,NEW247,0,0,3,XMM 0654,92.30379572183759,1.04e-14,<hard>
NEW247_v11_best_0235,NEW247,0,1,1,XMM 1587,59.70895451430664,2.47e-15,SNR
NEW247_v11_best_0236,NEW247,0,2,3,XMM 1361,50.33253753237418,1.01e-14,<hard>
NEW247_v11_best_0237,NEW247,1,2,2,XMM 0542,28.19658289016798,2.14e-14,<XRB>
NEW247_v11_best_0238,NEW247,0,0,3,XMM 0500,124.96433151402584,9.05e-15,<SNR>
NEW247_v11_best_0239,NEW247,2,9,14,XMM 0337,54.970987392101236,4.34e-15,<hard>
NEW247_v11_best_0240,NEW247,1,2,5,XMM 0533,46.7465604819545,7.89e-15,<GlC>
NEW247_v11_best_0241,NEW247,0,3,9,XMM 1615,53.02736920414773,3.4e-15,<hard>
NEW247_v11_best_0242,NEW247,0,2,5,XMM 0521,66.58693183065155,1.66e-15,<SNR>
NEW247_v11_best_0243,NEW247,1,3,5,XMM 1808,55.087497183057934,7.65e-15,
NEW247_v11_best_0244,NEW247,0,5,16,XMM 0715,133.71036869839955,6.39e-15,<AGN>
NEW247_v11_best_0245,NEW247,0,3,4,XMM 1653,47.83959414124646,2e-15,<hard>
NEW247_v11_best_0246,NEW247,2,7,9,XMM 1840,64.07110459903902,5.46e-15,<hard>
NEW247_v11_best_0247,NEW247,1,3,5,XMM 1702,7.9497200555171,4.96e-15,<hard>
